"0","R","510000110","01","0","01","訪問看護基本療養費１（保健師、助産師又は看護師による場合（ハを除く。））（週３日目まで）","44","訪問看護基本療養費１（保健師、助産師又は看護師による場合（ハを除く。））（週３日目まで）","18","ﾎｳﾓﾝｶﾝｺﾞｷﾎﾝﾘｮｳﾖｳﾋ1","0","0","","1","5550.00","0","0.00","0","0","99999999","0","0.00","0","00","00","0","0","01","02","03","08","00","00","00","00","00","00","00","00","00","00","00","1","1","2","0","A101","0000","0","1","1","10","11","001","1","1","1","1","0","0","2","0","0","0","10000","00","0","0","0","20240601","99999999"
"0","R","510000210","01","0","01","訪問看護基本療養費１（保健師、助産師又は看護師による場合（ハを除く。））（週４日目以降）","44","訪問看護基本療養費１（保健師、助産師又は看護師による場合（ハを除く。））（週４日目以降）","18","ﾎｳﾓﾝｶﾝｺﾞｷﾎﾝﾘｮｳﾖｳﾋ1","0","0","","1","6550.00","0","0.00","0","0","99999999","0","0.00","0","00","00","0","0","01","02","03","08","00","00","00","00","00","00","00","00","00","00","00","1","1","2","0","A101","0000","0","1","1","10","11","002","1","1","1","1","0","0","2","0","0","0","20000","01","0","0","0","20240601","99999999"
"0","R","510000310","01","0","01","訪問看護基本療養費１（准看護師による場合）（週３日目まで）","29","訪問看護基本療養費１（准看護師による場合）（週３日目まで）","18","ﾎｳﾓﾝｶﾝｺﾞｷﾎﾝﾘｮｳﾖｳﾋ1","0","0","","1","5050.00","0","0.00","0","0","99999999","0","0.00","0","00","00","0","0","07","00","00","00","00","00","00","00","00","00","00","00","00","00","00","1","1","2","0","A101","0000","0","1","1","10","12","001","1","1","1","1","0","0","0","0","0","0","30000","00","0","0","0","20240601","99999999"
"0","R","510000410","01","0","01","訪問看護基本療養費１（准看護師による場合）（週４日目以降）","29","訪問看護基本療養費１（准看護師による場合）（週４日目以降）","18","ﾎｳﾓﾝｶﾝｺﾞｷﾎﾝﾘｮｳﾖｳﾋ1","0","0","","1","6050.00","0","0.00","0","0","99999999","0","0.00","0","00","00","0","0","07","00","00","00","00","00","00","00","00","00","00","00","00","00","00","1","1","2","0","A101","0000","0","1","1","10","12","002","1","1","1","1","0","0","0","0","0","0","40000","01","0","0","0","20240601","99999999"
"0","R","510000510","01","0","01","訪問看護基本療養費１（悪性腫瘍の利用者に対する緩和ケア、褥瘡ケア又は人工肛門ケア及び人工膀胱ケアに係る専門の研修を受けた看護師による場合）","29","訪問看護基本療養費１（専門の研修を受けた看護師による場合）","18","ﾎｳﾓﾝｶﾝｺﾞｷﾎﾝﾘｮｳﾖｳﾋ1","0","0","","1","12850.00","0","0.00","0","0","99999999","0","0.00","0","00","00","0","0","08","00","00","00","00","00","00","00","00","00","00","00","00","00","00","1","1","0","0","A102","B008","0","1","1","10","13","001","1","0","1","1","0","0","1","0","0","0","50000","20","0","0","0","20240601","99999999"
"0","R","510000610","01","0","01","訪問看護基本療養費１（理学療法士、作業療法士又は言語聴覚士による場合）（週３日目まで）","43","訪問看護基本療養費１（理学療法士、作業療法士又は言語聴覚士による場合）（週３日目まで）","18","ﾎｳﾓﾝｶﾝｺﾞｷﾎﾝﾘｮｳﾖｳﾋ1","0","0","","1","5550.00","0","0.00","0","0","99999999","0","0.00","0","00","00","0","0","04","05","06","00","00","00","00","00","00","00","00","00","00","00","00","1","1","2","0","A101","0000","0","1","1","10","14","001","1","1","1","1","0","0","0","0","0","0","60000","00","0","0","0","20240601","99999999"
"0","R","510004110","01","0","01","訪問看護基本療養費１（理学療法士、作業療法士又は言語聴覚士による場合）（週４日目以降）","43","訪問看護基本療養費１（理学療法士、作業療法士又は言語聴覚士による場合）（週４日目以降）","18","ﾎｳﾓﾝｶﾝｺﾞｷﾎﾝﾘｮｳﾖｳﾋ1","0","0","","1","5550.00","0","0.00","0","0","99999999","0","0.00","0","00","00","0","0","04","05","06","00","00","00","00","00","00","00","00","00","00","00","00","1","1","2","0","A101","0000","0","1","1","10","14","002","1","1","1","1","0","0","0","0","0","0","70000","00","0","0","0","20240601","99999999"
"0","R","510000710","01","0","02","訪問看護基本療養費２（保健師、助産師又は看護師による場合（ハを除く。））（同一日に２人）（週３日目まで）","52","訪問看護基本療養費２（保健師、助産師又は看護師による場合（ハを除く。））（同一日に２人）（週３日目まで）","18","ﾎｳﾓﾝｶﾝｺﾞｷﾎﾝﾘｮｳﾖｳﾋ2","0","0","","1","5550.00","0","0.00","0","0","99999999","0","0.00","0","00","00","0","0","01","02","03","08","00","00","00","00","00","00","00","00","00","00","00","1","1","2","0","A101","0000","0","1","1","10","15","001","1","1","1","1","0","0","2","1","0","0","80000","00","0","0","0","20240601","99999999"
"0","R","510000810","01","0","02","訪問看護基本療養費２（保健師、助産師又は看護師による場合（ハを除く。））（同一日に２人）（週４日目以降）","52","訪問看護基本療養費２（保健師、助産師又は看護師による場合（ハを除く。））（同一日に２人）（週４日目以降）","18","ﾎｳﾓﾝｶﾝｺﾞｷﾎﾝﾘｮｳﾖｳﾋ2","0","0","","1","6550.00","0","0.00","0","0","99999999","0","0.00","0","00","00","0","0","01","02","03","08","00","00","00","00","00","00","00","00","00","00","00","1","1","2","0","A101","0000","0","1","1","10","15","002","1","1","1","1","0","0","2","1","0","0","90000","01","0","0","0","20240601","99999999"
"0","R","510000910","01","0","02","訪問看護基本療養費２（保健師、助産師又は看護師による場合（ハを除く。））（同一日に３人以上）（週３日目まで）","54","訪問看護基本療養費２（保健師、助産師又は看護師による場合（ハを除く。））（同一日に３人以上）（週３日目まで）","18","ﾎｳﾓﾝｶﾝｺﾞｷﾎﾝﾘｮｳﾖｳﾋ2","0","0","","1","2780.00","0","0.00","0","0","99999999","0","0.00","0","00","00","0","0","01","02","03","08","00","00","00","00","00","00","00","00","00","00","00","1","1","2","0","A101","0000","0","1","1","10","15","003","1","1","1","1","0","0","2","1","0","0","100000","00","0","0","0","20240601","99999999"
"0","R","510001010","01","0","02","訪問看護基本療養費２（保健師、助産師又は看護師による場合（ハを除く。））（同一日に３人以上）（週４日目以降）","54","訪問看護基本療養費２（保健師、助産師又は看護師による場合（ハを除く。））（同一日に３人以上）（週４日目以降）","18","ﾎｳﾓﾝｶﾝｺﾞｷﾎﾝﾘｮｳﾖｳﾋ2","0","0","","1","3280.00","0","0.00","0","0","99999999","0","0.00","0","00","00","0","0","01","02","03","08","00","00","00","00","00","00","00","00","00","00","00","1","1","2","0","A101","0000","0","1","1","10","15","004","1","1","1","1","0","0","2","1","0","0","110000","01","0","0","0","20240601","99999999"
"0","R","510001110","01","0","02","訪問看護基本療養費２（准看護師による場合）（同一日に２人）（週３日目まで）","37","訪問看護基本療養費２（准看護師による場合）（同一日に２人）（週３日目まで）","18","ﾎｳﾓﾝｶﾝｺﾞｷﾎﾝﾘｮｳﾖｳﾋ2","0","0","","1","5050.00","0","0.00","0","0","99999999","0","0.00","0","00","00","0","0","07","00","00","00","00","00","00","00","00","00","00","00","00","00","00","1","1","2","0","A101","0000","0","1","1","10","16","001","1","1","1","1","0","0","0","1","0","0","120000","00","0","0","0","20240601","99999999"
"0","R","510001210","01","0","02","訪問看護基本療養費２（准看護師による場合）（同一日に２人）（週４日目以降）","37","訪問看護基本療養費２（准看護師による場合）（同一日に２人）（週４日目以降）","18","ﾎｳﾓﾝｶﾝｺﾞｷﾎﾝﾘｮｳﾖｳﾋ2","0","0","","1","6050.00","0","0.00","0","0","99999999","0","0.00","0","00","00","0","0","07","00","00","00","00","00","00","00","00","00","00","00","00","00","00","1","1","2","0","A101","0000","0","1","1","10","16","002","1","1","1","1","0","0","0","1","0","0","130000","01","0","0","0","20240601","99999999"
"0","R","510001310","01","0","02","訪問看護基本療養費２（准看護師による場合）（同一日に３人以上）（週３日目まで）","39","訪問看護基本療養費２（准看護師による場合）（同一日に３人以上）（週３日目まで）","18","ﾎｳﾓﾝｶﾝｺﾞｷﾎﾝﾘｮｳﾖｳﾋ2","0","0","","1","2530.00","0","0.00","0","0","99999999","0","0.00","0","00","00","0","0","07","00","00","00","00","00","00","00","00","00","00","00","00","00","00","1","1","2","0","A101","0000","0","1","1","10","16","003","1","1","1","1","0","0","0","1","0","0","140000","00","0","0","0","20240601","99999999"
"0","R","510001410","01","0","02","訪問看護基本療養費２（准看護師による場合）（同一日に３人以上）（週４日目以降）","39","訪問看護基本療養費２（准看護師による場合）（同一日に３人以上）（週４日目以降）","18","ﾎｳﾓﾝｶﾝｺﾞｷﾎﾝﾘｮｳﾖｳﾋ2","0","0","","1","3030.00","0","0.00","0","0","99999999","0","0.00","0","00","00","0","0","07","00","00","00","00","00","00","00","00","00","00","00","00","00","00","1","1","2","0","A101","0000","0","1","1","10","16","004","1","1","1","1","0","0","0","1","0","0","150000","01","0","0","0","20240601","99999999"
"0","R","510001510","01","0","02","訪問看護基本療養費２（悪性腫瘍の利用者に対する緩和ケア、褥瘡ケア又は人工肛門ケア及び人工膀胱ケアに係る専門の研修を受けた看護師による場合）","29","訪問看護基本療養費２（専門の研修を受けた看護師による場合）","18","ﾎｳﾓﾝｶﾝｺﾞｷﾎﾝﾘｮｳﾖｳﾋ2","0","0","","1","12850.00","0","0.00","0","0","99999999","0","0.00","0","00","00","0","0","08","00","00","00","00","00","00","00","00","00","00","00","00","00","00","1","1","0","0","A102","B009","0","1","1","10","17","001","1","0","1","1","0","0","1","1","0","0","160000","20","0","0","0","20240601","99999999"
"0","R","510001610","01","0","02","訪問看護基本療養費２（理学療法士、作業療法士又は言語聴覚士による場合）（同一日に２人）（週３日目まで）","51","訪問看護基本療養費２（理学療法士、作業療法士又は言語聴覚士による場合）（同一日に２人）（週３日目まで）","18","ﾎｳﾓﾝｶﾝｺﾞｷﾎﾝﾘｮｳﾖｳﾋ2","0","0","","1","5550.00","0","0.00","0","0","99999999","0","0.00","0","00","00","0","0","04","05","06","00","00","00","00","00","00","00","00","00","00","00","00","1","1","2","0","A101","0000","0","1","1","10","18","001","1","1","1","1","0","0","0","1","0","0","170000","00","0","0","0","20240601","99999999"
"0","R","510004210","01","0","02","訪問看護基本療養費２（理学療法士、作業療法士又は言語聴覚士による場合）（同一日に２人）（週４日目以降）","51","訪問看護基本療養費２（理学療法士、作業療法士又は言語聴覚士による場合）（同一日に２人）（週４日目以降）","18","ﾎｳﾓﾝｶﾝｺﾞｷﾎﾝﾘｮｳﾖｳﾋ2","0","0","","1","5550.00","0","0.00","0","0","99999999","0","0.00","0","00","00","0","0","04","05","06","00","00","00","00","00","00","00","00","00","00","00","00","1","1","2","0","A101","0000","0","1","1","10","18","002","1","1","1","1","0","0","0","1","0","0","180000","00","0","0","0","20240601","99999999"
"0","R","510001710","01","0","02","訪問看護基本療養費２（理学療法士、作業療法士又は言語聴覚士による場合）（同一日に３人以上）（週３日目まで）","53","訪問看護基本療養費２（理学療法士、作業療法士又は言語聴覚士による場合）（同一日に３人以上）（週３日目まで）","18","ﾎｳﾓﾝｶﾝｺﾞｷﾎﾝﾘｮｳﾖｳﾋ2","0","0","","1","2780.00","0","0.00","0","0","99999999","0","0.00","0","00","00","0","0","04","05","06","00","00","00","00","00","00","00","00","00","00","00","00","1","1","2","0","A101","0000","0","1","1","10","18","003","1","1","1","1","0","0","0","1","0","0","190000","00","0","0","0","20240601","99999999"
"0","R","510004310","01","0","02","訪問看護基本療養費２（理学療法士、作業療法士又は言語聴覚士による場合）（同一日に３人以上）（週４日目以降）","53","訪問看護基本療養費２（理学療法士、作業療法士又は言語聴覚士による場合）（同一日に３人以上）（週４日目以降）","18","ﾎｳﾓﾝｶﾝｺﾞｷﾎﾝﾘｮｳﾖｳﾋ2","0","0","","1","2780.00","0","0.00","0","0","99999999","0","0.00","0","00","00","0","0","04","05","06","00","00","00","00","00","00","00","00","00","00","00","00","1","1","2","0","A101","0000","0","1","1","10","18","004","1","1","1","1","0","0","0","1","0","0","200000","00","0","0","0","20240601","99999999"
"0","R","510001810","01","0","03","訪問看護基本療養費３","10","訪問看護基本療養費３","18","ﾎｳﾓﾝｶﾝｺﾞｷﾎﾝﾘｮｳﾖｳﾋ3","0","0","","1","8500.00","0","0.00","0","0","99999999","0","0.00","0","00","00","0","0","01","02","03","04","05","06","07","08","00","00","00","00","00","00","00","1","1","0","0","A102","0000","0","1","1","10","26","001","1","1","1","1","0","0","0","0","0","0","210000","02","0","0","0","20240601","99999999"
"0","R","510001970","01","0","00","難病等複数回訪問加算（１日に２回の場合）（同一建物内１人又は２人）（訪問看護基本療養費）","33","難病等複数回訪問加算（１日に２回の場合）（同一建物内１人又は２人）","20","ﾅﾝﾋﾞｮｳﾄｳﾌｸｽｳｶｲﾎｳﾓﾝｶｻ","0","0","","1","4500.00","0","0.00","0","0","99999999","0","0.00","0","00","00","0","0","01","02","03","04","05","06","07","08","09","10","00","00","00","00","00","2","0","0","0","0000","0000","1","1","0","10","19","001","0","0","0","0","0","0","0","0","0","0","220000","03","0","0","0","20240601","99999999"
"0","R","510002070","01","0","00","難病等複数回訪問加算（１日に２回の場合）（同一建物内３人以上）（訪問看護基本療養費）","31","難病等複数回訪問加算（１日に２回の場合）（同一建物内３人以上）","20","ﾅﾝﾋﾞｮｳﾄｳﾌｸｽｳｶｲﾎｳﾓﾝｶｻ","0","0","","1","4000.00","0","0.00","0","0","99999999","0","0.00","0","00","00","0","0","01","02","03","04","05","06","07","08","09","10","00","00","00","00","00","2","0","0","0","0000","0000","1","1","0","10","19","002","0","0","0","0","0","0","0","0","0","0","230000","03","0","0","0","20240601","99999999"
"0","R","510002170","01","0","00","難病等複数回訪問加算（１日に３回以上の場合）（同一建物内１人又は２人）（訪問看護基本療養費）","35","難病等複数回訪問加算（１日に３回以上の場合）（同一建物内１人又は２人）","20","ﾅﾝﾋﾞｮｳﾄｳﾌｸｽｳｶｲﾎｳﾓﾝｶｻ","0","0","","1","8000.00","0","0.00","0","0","99999999","0","0.00","0","00","00","0","0","01","02","03","04","05","06","07","08","09","10","00","00","00","00","00","3","0","0","0","0000","0000","1","1","0","10","19","003","0","0","0","0","0","0","0","0","0","0","240000","03","0","0","0","20240601","99999999"
"0","R","510002270","01","0","00","難病等複数回訪問加算（１日に３回以上の場合）（同一建物内３人以上）（訪問看護基本療養費）","33","難病等複数回訪問加算（１日に３回以上の場合）（同一建物内３人以上）","20","ﾅﾝﾋﾞｮｳﾄｳﾌｸｽｳｶｲﾎｳﾓﾝｶｻ","0","0","","1","7200.00","0","0.00","0","0","99999999","0","0.00","0","00","00","0","0","01","02","03","04","05","06","07","08","09","10","00","00","00","00","00","3","0","0","0","0000","0000","1","1","0","10","19","004","0","0","0","0","0","0","0","0","0","0","250000","03","0","0","0","20240601","99999999"
"0","R","510002370","01","0","00","特別地域訪問看護加算（訪問看護基本療養費）","21","特別地域訪問看護加算（訪問看護基本療養費）","19","ﾄｸﾍﾞﾂﾁｲｷﾎｳﾓﾝｶﾝｺﾞｶｻﾝ","0","0","","5","50.00","0","0.00","0","0","99999999","0","0.00","0","00","00","0","0","00","00","00","00","00","00","00","00","00","00","00","00","00","00","00","0","0","0","0","0000","0000","1","1","0","10","11","003","0","0","0","0","0","0","0","0","0","0","260000","00","0","0","0","20240601","99999999"
"0","R","510002470","01","0","00","緊急訪問看護加算（月１４日目まで）（訪問看護基本療養費）","17","緊急訪問看護加算（月１４日目まで）","16","ｷﾝｷｭｳﾎｳﾓﾝｶﾝｺﾞｶｻﾝ","0","0","","1","2650.00","0","0.00","0","0","99999999","0","0.00","0","00","00","0","0","00","00","00","00","00","00","00","00","00","00","00","00","00","00","00","0","0","0","1","0000","0000","1","1","0","10","20","001","0","0","0","0","0","0","2","0","1","0","270000","04","0","0","0","20240601","99999999"
"0","R","510004570","01","0","00","緊急訪問看護加算（月１５日目以降）（訪問看護基本療養費）","17","緊急訪問看護加算（月１５日目以降）","16","ｷﾝｷｭｳﾎｳﾓﾝｶﾝｺﾞｶｻﾝ","0","0","","1","2000.00","0","0.00","0","0","99999999","0","0.00","0","00","00","0","0","00","00","00","00","00","00","00","00","00","00","00","00","00","00","00","0","0","0","1","0000","0000","1","1","0","10","20","002","0","0","0","0","0","0","2","0","1","0","280000","04","0","0","0","20240601","99999999"
"0","R","510002570","01","0","00","長時間訪問看護加算（訪問看護基本療養費）","9","長時間訪問看護加算","18","ﾁｮｳｼﾞｶﾝﾎｳﾓﾝｶﾝｺﾞｶｻﾝ","0","0","","1","5200.00","0","0.00","0","0","99999999","0","0.00","0","00","00","0","0","00","00","00","00","00","00","00","00","00","00","00","00","00","00","00","0","0","0","0","0000","0000","1","1","0","10","21","001","0","0","0","0","1","0","0","0","0","0","290000","05","0","0","0","20240601","99999999"
"0","R","510004470","01","0","00","長時間訪問看護加算（別に厚生労働大臣が定める者）（訪問看護基本療養費）","24","長時間訪問看護加算（別に厚生労働大臣が定める者）","18","ﾁｮｳｼﾞｶﾝﾎｳﾓﾝｶﾝｺﾞｶｻﾝ","0","0","","1","5200.00","0","0.00","0","0","99999999","0","0.00","0","00","15","0","0","00","00","00","00","00","00","00","00","00","00","00","00","00","00","00","0","0","0","0","0000","0000","1","1","0","10","21","002","0","0","0","0","1","0","0","0","0","0","300000","19","0","0","0","20240601","99999999"
"0","R","510002670","01","0","00","乳幼児加算（訪問看護基本療養費）","5","乳幼児加算","10","ﾆｭｳﾖｳｼﾞｶｻﾝ","0","0","","1","1300.00","1","1500.00","0","0","99999999","0","0.00","0","00","06","0","0","00","00","00","00","00","00","00","00","00","00","00","00","00","00","00","0","0","0","0","0000","0000","1","1","0","10","22","001","0","0","0","0","0","0","0","0","0","0","310000","00","0","0","0","20240601","99999999"
"0","R","510004670","01","0","00","乳幼児加算（別に厚生労働大臣が定める者）（訪問看護基本療養費）","20","乳幼児加算（別に厚生労働大臣が定める者）","10","ﾆｭｳﾖｳｼﾞｶｻﾝ","0","0","","1","1800.00","0","0.00","0","0","99999999","0","0.00","0","00","06","0","0","00","00","00","00","00","00","00","00","00","00","00","00","00","00","00","0","0","0","0","0000","0000","1","1","0","10","22","002","0","0","0","0","0","0","0","0","0","0","320000","25","0","0","0","20240601","99999999"
"0","R","510002770","01","0","00","複数名訪問看護加算（看護職員が他の看護師等（准看護師を除く。）と同時に指定訪問看護を行う場合）（同一建物内１人又は２人）（訪問看護基本療養費）","43","複数名訪問看護加算（他の看護師等（准看護師を除く。）と同時）（同一建物内１人又は２人）","17","ﾌｸｽｳﾒｲﾎｳﾓﾝｶﾝｺﾞｶｻﾝ","0","0","","1","4500.00","0","0.00","0","0","99999999","0","0.00","0","00","00","0","0","31","00","00","00","00","00","00","00","00","00","00","00","00","00","00","0","0","0","0","0000","0000","1","1","0","10","23","001","0","0","0","0","0","1","2","0","0","0","330000","00","0","0","0","20240601","99999999"
"0","R","510002870","01","0","00","複数名訪問看護加算（看護職員が他の看護師等（准看護師を除く。）と同時に指定訪問看護を行う場合）（同一建物内３人以上）（訪問看護基本療養費）","41","複数名訪問看護加算（他の看護師等（准看護師を除く。）と同時）（同一建物内３人以上）","17","ﾌｸｽｳﾒｲﾎｳﾓﾝｶﾝｺﾞｶｻﾝ","0","0","","1","4000.00","0","0.00","0","0","99999999","0","0.00","0","00","00","0","0","31","00","00","00","00","00","00","00","00","00","00","00","00","00","00","0","0","0","0","0000","0000","1","1","0","10","23","002","0","0","0","0","0","1","2","0","0","0","340000","00","0","0","0","20240601","99999999"
"0","R","510002970","01","0","00","複数名訪問看護加算（看護職員が他の准看護師と同時に指定訪問看護を行う場合）（同一建物内１人又は２人）（訪問看護基本療養費）","33","複数名訪問看護加算（他の准看護師と同時）（同一建物内１人又は２人）","17","ﾌｸｽｳﾒｲﾎｳﾓﾝｶﾝｺﾞｶｻﾝ","0","0","","1","3800.00","0","0.00","0","0","99999999","0","0.00","0","00","00","0","0","32","00","00","00","00","00","00","00","00","00","00","00","00","00","00","0","0","0","0","0000","0000","1","1","0","10","23","003","0","0","0","0","0","1","2","0","0","0","350000","00","0","0","0","20240601","99999999"
"0","R","510003070","01","0","00","複数名訪問看護加算（看護職員が他の准看護師と同時に指定訪問看護を行う場合）（同一建物内３人以上）（訪問看護基本療養費）","31","複数名訪問看護加算（他の准看護師と同時）（同一建物内３人以上）","17","ﾌｸｽｳﾒｲﾎｳﾓﾝｶﾝｺﾞｶｻﾝ","0","0","","1","3400.00","0","0.00","0","0","99999999","0","0.00","0","00","00","0","0","32","00","00","00","00","00","00","00","00","00","00","00","00","00","00","0","0","0","0","0000","0000","1","1","0","10","23","004","0","0","0","0","0","1","2","0","0","0","360000","00","0","0","0","20240601","99999999"
"0","R","510003170","01","0","00","複数名訪問看護加算（看護職員がその他職員と同時に指定訪問看護を行う場合（別に厚生労働大臣が定める場合を除く。））（同一建物内１人又は２人）（訪問看護基本療養費）","52","複数名訪問看護加算（その他職員と同時（別に厚生労働大臣が定める場合を除く。））（同一建物内１人又は２人）","17","ﾌｸｽｳﾒｲﾎｳﾓﾝｶﾝｺﾞｶｻﾝ","0","0","","1","3000.00","0","0.00","0","0","99999999","0","0.00","0","00","00","0","0","33","00","00","00","00","00","00","00","00","00","00","00","00","00","00","0","0","0","0","0000","0000","1","1","0","10","23","005","0","0","0","0","0","1","2","0","0","0","370000","00","0","0","0","20240601","99999999"
"0","R","510003270","01","0","00","複数名訪問看護加算（看護職員がその他職員と同時に指定訪問看護を行う場合（別に厚生労働大臣が定める場合を除く。））（同一建物内３人以上）（訪問看護基本療養費）","50","複数名訪問看護加算（その他職員と同時（別に厚生労働大臣が定める場合を除く。））（同一建物内３人以上）","17","ﾌｸｽｳﾒｲﾎｳﾓﾝｶﾝｺﾞｶｻﾝ","0","0","","1","2700.00","0","0.00","0","0","99999999","0","0.00","0","00","00","0","0","33","00","00","00","00","00","00","00","00","00","00","00","00","00","00","0","0","0","0","0000","0000","1","1","0","10","23","006","0","0","0","0","0","1","2","0","0","0","380000","00","0","0","0","20240601","99999999"
"0","R","510003370","01","0","00","複数名訪問看護加算（看護職員がその他職員と同時に指定訪問看護を行う場合（別に厚生労働大臣が定める場合に限る。））（１日に１回の場合）（同一建物内１人又は２人）（訪問看護基本療養費）","62","複数名訪問看護加算（その他職員と同時（別に厚生労働大臣が定める場合に限る。））（１日に１回の場合）（同一建物内１人又は２人）","17","ﾌｸｽｳﾒｲﾎｳﾓﾝｶﾝｺﾞｶｻﾝ","0","0","","1","3000.00","0","0.00","0","0","99999999","0","0.00","0","00","00","0","0","33","00","00","00","00","00","00","00","00","00","00","00","00","00","00","0","0","0","0","0000","0000","1","1","0","10","23","007","0","0","0","0","0","1","2","0","0","0","390000","00","0","0","0","20240601","99999999"
"0","R","510003470","01","0","00","複数名訪問看護加算（看護職員がその他職員と同時に指定訪問看護を行う場合（別に厚生労働大臣が定める場合に限る。））（１日に１回の場合）（同一建物内３人以上）（訪問看護基本療養費）","60","複数名訪問看護加算（その他職員と同時（別に厚生労働大臣が定める場合に限る。））（１日に１回の場合）（同一建物内３人以上）","17","ﾌｸｽｳﾒｲﾎｳﾓﾝｶﾝｺﾞｶｻﾝ","0","0","","1","2700.00","0","0.00","0","0","99999999","0","0.00","0","00","00","0","0","33","00","00","00","00","00","00","00","00","00","00","00","00","00","00","0","0","0","0","0000","0000","1","1","0","10","23","008","0","0","0","0","0","1","2","0","0","0","400000","00","0","0","0","20240601","99999999"
"0","R","510003570","01","0","00","複数名訪問看護加算（看護職員がその他職員と同時に指定訪問看護を行う場合（別に厚生労働大臣が定める場合に限る。））（１日に２回の場合）（同一建物内１人又は２人）（訪問看護基本療養費）","62","複数名訪問看護加算（その他職員と同時（別に厚生労働大臣が定める場合に限る。））（１日に２回の場合）（同一建物内１人又は２人）","17","ﾌｸｽｳﾒｲﾎｳﾓﾝｶﾝｺﾞｶｻﾝ","0","0","","1","6000.00","0","0.00","0","0","99999999","0","0.00","0","00","00","0","0","33","00","00","00","00","00","00","00","00","00","00","00","00","00","00","2","0","0","0","0000","0000","1","1","0","10","23","009","0","0","0","0","0","1","2","0","0","0","410000","00","0","0","0","20240601","99999999"
"0","R","510003670","01","0","00","複数名訪問看護加算（看護職員がその他職員と同時に指定訪問看護を行う場合（別に厚生労働大臣が定める場合に限る。））（１日に２回の場合）（同一建物内３人以上）（訪問看護基本療養費）","60","複数名訪問看護加算（その他職員と同時（別に厚生労働大臣が定める場合に限る。））（１日に２回の場合）（同一建物内３人以上）","17","ﾌｸｽｳﾒｲﾎｳﾓﾝｶﾝｺﾞｶｻﾝ","0","0","","1","5400.00","0","0.00","0","0","99999999","0","0.00","0","00","00","0","0","33","00","00","00","00","00","00","00","00","00","00","00","00","00","00","2","0","0","0","0000","0000","1","1","0","10","23","010","0","0","0","0","0","1","2","0","0","0","420000","00","0","0","0","20240601","99999999"
"0","R","510003770","01","0","00","複数名訪問看護加算（看護職員がその他職員と同時に指定訪問看護を行う場合（別に厚生労働大臣が定める場合に限る。））（１日に３回以上の場合）（同一建物内１人又は２人）（訪問看護基本療養費）","64","複数名訪問看護加算（その他職員と同時（別に厚生労働大臣が定める場合に限る。））（１日に３回以上の場合）（同一建物内１人又は２人）","17","ﾌｸｽｳﾒｲﾎｳﾓﾝｶﾝｺﾞｶｻﾝ","0","0","","1","10000.00","0","0.00","0","0","99999999","0","0.00","0","00","00","0","0","33","00","00","00","00","00","00","00","00","00","00","00","00","00","00","3","0","0","0","0000","0000","1","1","0","10","23","011","0","0","0","0","0","1","2","0","0","0","430000","00","0","0","0","20240601","99999999"
"0","R","510003870","01","0","00","複数名訪問看護加算（看護職員がその他職員と同時に指定訪問看護を行う場合（別に厚生労働大臣が定める場合に限る。））（１日に３回以上の場合）（同一建物内３人以上）（訪問看護基本療養費）","62","複数名訪問看護加算（その他職員と同時（別に厚生労働大臣が定める場合に限る。））（１日に３回以上の場合）（同一建物内３人以上）","17","ﾌｸｽｳﾒｲﾎｳﾓﾝｶﾝｺﾞｶｻﾝ","0","0","","1","9000.00","0","0.00","0","0","99999999","0","0.00","0","00","00","0","0","33","00","00","00","00","00","00","00","00","00","00","00","00","00","00","3","0","0","0","0000","0000","1","1","0","10","23","012","0","0","0","0","0","1","2","0","0","0","440000","00","0","0","0","20240601","99999999"
"0","R","510003970","01","0","00","夜間・早朝訪問看護加算（訪問看護基本療養費）","22","夜間・早朝訪問看護加算（訪問看護基本療養費）","20","ﾔｶﾝ･ｿｳﾁｮｳﾎｳﾓﾝｶﾝｺﾞｶｻﾝ","0","0","","1","2100.00","0","0.00","0","0","99999999","0","0.00","0","00","00","0","0","00","00","00","00","00","00","00","00","00","00","00","00","00","00","00","0","0","0","0","0000","0000","1","1","0","10","24","001","0","0","0","0","0","0","0","0","0","0","450000","00","0","0","0","20240601","99999999"
"0","R","510004070","01","0","00","深夜訪問看護加算（訪問看護基本療養費）","19","深夜訪問看護加算（訪問看護基本療養費）","14","ｼﾝﾔﾎｳﾓﾝｶﾝｺﾞｶｻﾝ","0","0","","1","4200.00","0","0.00","0","0","99999999","0","0.00","0","00","00","0","0","00","00","00","00","00","00","00","00","00","00","00","00","00","00","00","0","0","0","0","0000","0000","1","1","0","10","25","001","0","0","0","0","0","0","0","0","0","0","460000","00","0","0","0","20240601","99999999"
"0","R","530000110","01","2","01","精神科訪問看護基本療養費１（保健師又は看護師による場合）（週３日目まで３０分以上の場合）","44","精神科訪問看護基本療養費１（保健師又は看護師による場合）（週３日目まで３０分以上の場合）","20","ｾｲｼﾝｶﾎｳﾓﾝｶﾝｺﾞｷﾎﾝﾘｮｳﾖ","0","0","","1","5550.00","0","0.00","0","0","99999999","0","0.00","0","00","00","0","0","01","03","08","00","00","00","00","00","00","00","00","00","00","00","00","1","3","4","0","A301","B010","0","1","1","30","31","001","1","1","1","1","0","0","2","0","0","0","470000","06","0","0","0","20240601","99999999"
"0","R","530000210","01","2","01","精神科訪問看護基本療養費１（保健師又は看護師による場合）（週３日目まで３０分未満の場合）","44","精神科訪問看護基本療養費１（保健師又は看護師による場合）（週３日目まで３０分未満の場合）","20","ｾｲｼﾝｶﾎｳﾓﾝｶﾝｺﾞｷﾎﾝﾘｮｳﾖ","0","0","","1","4250.00","0","0.00","0","0","99999999","0","0.00","0","00","00","0","0","01","03","08","00","00","00","00","00","00","00","00","00","00","00","00","1","3","4","0","A302","B011","0","1","1","30","31","002","1","1","1","1","0","0","2","0","0","0","480000","06","0","0","0","20240601","99999999"
"0","R","530000310","01","2","01","精神科訪問看護基本療養費１（保健師又は看護師による場合）（週４日目以降３０分以上の場合）","44","精神科訪問看護基本療養費１（保健師又は看護師による場合）（週４日目以降３０分以上の場合）","20","ｾｲｼﾝｶﾎｳﾓﾝｶﾝｺﾞｷﾎﾝﾘｮｳﾖ","0","0","","1","6550.00","0","0.00","0","0","99999999","0","0.00","0","00","00","0","0","01","03","08","00","00","00","00","00","00","00","00","00","00","00","00","1","3","4","0","A301","B012","0","1","1","30","31","003","1","1","1","1","0","0","2","0","0","0","490000","06","0","0","0","20240601","99999999"
"0","R","530000410","01","2","01","精神科訪問看護基本療養費１（保健師又は看護師による場合）（週４日目以降３０分未満の場合）","44","精神科訪問看護基本療養費１（保健師又は看護師による場合）（週４日目以降３０分未満の場合）","20","ｾｲｼﾝｶﾎｳﾓﾝｶﾝｺﾞｷﾎﾝﾘｮｳﾖ","0","0","","1","5100.00","0","0.00","0","0","99999999","0","0.00","0","00","00","0","0","01","03","08","00","00","00","00","00","00","00","00","00","00","00","00","1","3","4","0","A302","B013","0","1","1","30","31","004","1","1","1","1","0","0","2","0","0","0","500000","06","0","0","0","20240601","99999999"
"0","R","530005110","01","2","01","精神科訪問看護基本療養費１（作業療法士による場合）（週３日目まで３０分以上の場合）","41","精神科訪問看護基本療養費１（作業療法士による場合）（週３日目まで３０分以上の場合）","20","ｾｲｼﾝｶﾎｳﾓﾝｶﾝｺﾞｷﾎﾝﾘｮｳﾖ","0","0","","1","5550.00","0","0.00","0","0","99999999","0","0.00","0","00","00","0","0","05","00","00","00","00","00","00","00","00","00","00","00","00","00","00","1","3","4","0","A301","B081","0","1","1","30","32","001","1","1","1","1","0","0","2","0","0","0","501000","06","0","0","0","20240601","99999999"
"0","R","530005210","01","2","01","精神科訪問看護基本療養費１（作業療法士による場合）（週３日目まで３０分未満の場合）","41","精神科訪問看護基本療養費１（作業療法士による場合）（週３日目まで３０分未満の場合）","20","ｾｲｼﾝｶﾎｳﾓﾝｶﾝｺﾞｷﾎﾝﾘｮｳﾖ","0","0","","1","4250.00","0","0.00","0","0","99999999","0","0.00","0","00","00","0","0","05","00","00","00","00","00","00","00","00","00","00","00","00","00","00","1","3","4","0","A302","B082","0","1","1","30","32","002","1","1","1","1","0","0","2","0","0","0","502000","06","0","0","0","20240601","99999999"
"0","R","530005310","01","2","01","精神科訪問看護基本療養費１（作業療法士による場合）（週４日目以降３０分以上の場合）","41","精神科訪問看護基本療養費１（作業療法士による場合）（週４日目以降３０分以上の場合）","20","ｾｲｼﾝｶﾎｳﾓﾝｶﾝｺﾞｷﾎﾝﾘｮｳﾖ","0","0","","1","6550.00","0","0.00","0","0","99999999","0","0.00","0","00","00","0","0","05","00","00","00","00","00","00","00","00","00","00","00","00","00","00","1","3","4","0","A301","B083","0","1","1","30","32","003","1","1","1","1","0","0","2","0","0","0","503000","06","0","0","0","20240601","99999999"
"0","R","530005410","01","2","01","精神科訪問看護基本療養費１（作業療法士による場合）（週４日目以降３０分未満の場合）","41","精神科訪問看護基本療養費１（作業療法士による場合）（週４日目以降３０分未満の場合）","20","ｾｲｼﾝｶﾎｳﾓﾝｶﾝｺﾞｷﾎﾝﾘｮｳﾖ","0","0","","1","5100.00","0","0.00","0","0","99999999","0","0.00","0","00","00","0","0","05","00","00","00","00","00","00","00","00","00","00","00","00","00","00","1","3","4","0","A302","B084","0","1","1","30","32","004","1","1","1","1","0","0","2","0","0","0","504000","06","0","0","0","20240601","99999999"
"0","R","530000510","01","2","01","精神科訪問看護基本療養費１（准看護師による場合）（週３日目まで３０分以上の場合）","40","精神科訪問看護基本療養費１（准看護師による場合）（週３日目まで３０分以上の場合）","20","ｾｲｼﾝｶﾎｳﾓﾝｶﾝｺﾞｷﾎﾝﾘｮｳﾖ","0","0","","1","5050.00","0","0.00","0","0","99999999","0","0.00","0","00","00","0","0","07","00","00","00","00","00","00","00","00","00","00","00","00","00","00","1","3","4","0","A301","B014","0","1","1","30","33","001","1","1","1","1","0","0","0","0","0","0","510000","06","0","0","0","20240601","99999999"
"0","R","530000610","01","2","01","精神科訪問看護基本療養費１（准看護師による場合）（週３日目まで３０分未満の場合）","40","精神科訪問看護基本療養費１（准看護師による場合）（週３日目まで３０分未満の場合）","20","ｾｲｼﾝｶﾎｳﾓﾝｶﾝｺﾞｷﾎﾝﾘｮｳﾖ","0","0","","1","3870.00","0","0.00","0","0","99999999","0","0.00","0","00","00","0","0","07","00","00","00","00","00","00","00","00","00","00","00","00","00","00","1","3","4","0","A302","B015","0","1","1","30","33","002","1","1","1","1","0","0","0","0","0","0","520000","06","0","0","0","20240601","99999999"
"0","R","530000710","01","2","01","精神科訪問看護基本療養費１（准看護師による場合）（週４日目以降３０分以上の場合）","40","精神科訪問看護基本療養費１（准看護師による場合）（週４日目以降３０分以上の場合）","20","ｾｲｼﾝｶﾎｳﾓﾝｶﾝｺﾞｷﾎﾝﾘｮｳﾖ","0","0","","1","6050.00","0","0.00","0","0","99999999","0","0.00","0","00","00","0","0","07","00","00","00","00","00","00","00","00","00","00","00","00","00","00","1","3","4","0","A301","B016","0","1","1","30","33","003","1","1","1","1","0","0","0","0","0","0","530000","06","0","0","0","20240601","99999999"
"0","R","530000810","01","2","01","精神科訪問看護基本療養費１（准看護師による場合）（週４日目以降３０分未満の場合）","40","精神科訪問看護基本療養費１（准看護師による場合）（週４日目以降３０分未満の場合）","20","ｾｲｼﾝｶﾎｳﾓﾝｶﾝｺﾞｷﾎﾝﾘｮｳﾖ","0","0","","1","4720.00","0","0.00","0","0","99999999","0","0.00","0","00","00","0","0","07","00","00","00","00","00","00","00","00","00","00","00","00","00","00","1","3","4","0","A302","B017","0","1","1","30","33","004","1","1","1","1","0","0","0","0","0","0","540000","06","0","0","0","20240601","99999999"
"0","R","530000910","01","2","03","精神科訪問看護基本療養費３（保健師又は看護師による場合）（同一日に２人）（週３日目まで３０分以上の場合）","52","精神科訪問看護基本療養費３（保健師又は看護師による場合）（同一日に２人）（週３日目まで３０分以上の場合）","20","ｾｲｼﾝｶﾎｳﾓﾝｶﾝｺﾞｷﾎﾝﾘｮｳﾖ","0","0","","1","5550.00","0","0.00","0","0","99999999","0","0.00","0","00","00","0","0","01","03","08","00","00","00","00","00","00","00","00","00","00","00","00","1","3","4","0","A301","B018","0","1","1","30","34","001","1","1","1","1","0","0","2","1","0","0","550000","07","0","0","0","20240601","99999999"
"0","R","530001010","01","2","03","精神科訪問看護基本療養費３（保健師又は看護師による場合）（同一日に２人）（週３日目まで３０分未満の場合）","52","精神科訪問看護基本療養費３（保健師又は看護師による場合）（同一日に２人）（週３日目まで３０分未満の場合）","20","ｾｲｼﾝｶﾎｳﾓﾝｶﾝｺﾞｷﾎﾝﾘｮｳﾖ","0","0","","1","4250.00","0","0.00","0","0","99999999","0","0.00","0","00","00","0","0","01","03","08","00","00","00","00","00","00","00","00","00","00","00","00","1","3","4","0","A302","B019","0","1","1","30","34","002","1","1","1","1","0","0","2","1","0","0","560000","07","0","0","0","20240601","99999999"
"0","R","530001110","01","2","03","精神科訪問看護基本療養費３（保健師又は看護師による場合）（同一日に２人）（週４日目以降３０分以上の場合）","52","精神科訪問看護基本療養費３（保健師又は看護師による場合）（同一日に２人）（週４日目以降３０分以上の場合）","20","ｾｲｼﾝｶﾎｳﾓﾝｶﾝｺﾞｷﾎﾝﾘｮｳﾖ","0","0","","1","6550.00","0","0.00","0","0","99999999","0","0.00","0","00","00","0","0","01","03","08","00","00","00","00","00","00","00","00","00","00","00","00","1","3","4","0","A301","B020","0","1","1","30","34","003","1","1","1","1","0","0","2","1","0","0","570000","07","0","0","0","20240601","99999999"
"0","R","530001210","01","2","03","精神科訪問看護基本療養費３（保健師又は看護師による場合）（同一日に２人）（週４日目以降３０分未満の場合）","52","精神科訪問看護基本療養費３（保健師又は看護師による場合）（同一日に２人）（週４日目以降３０分未満の場合）","20","ｾｲｼﾝｶﾎｳﾓﾝｶﾝｺﾞｷﾎﾝﾘｮｳﾖ","0","0","","1","5100.00","0","0.00","0","0","99999999","0","0.00","0","00","00","0","0","01","03","08","00","00","00","00","00","00","00","00","00","00","00","00","1","3","4","0","A302","B021","0","1","1","30","34","004","1","1","1","1","0","0","2","1","0","0","580000","07","0","0","0","20240601","99999999"
"0","R","530001310","01","2","03","精神科訪問看護基本療養費３（保健師又は看護師による場合）（同一日に３人以上）（週３日目まで３０分以上の場合）","54","精神科訪問看護基本療養費３（保健師又は看護師による場合）（同一日に３人以上）（週３日目まで３０分以上の場合）","20","ｾｲｼﾝｶﾎｳﾓﾝｶﾝｺﾞｷﾎﾝﾘｮｳﾖ","0","0","","1","2780.00","0","0.00","0","0","99999999","0","0.00","0","00","00","0","0","01","03","08","00","00","00","00","00","00","00","00","00","00","00","00","1","3","4","0","A301","B022","0","1","1","30","34","005","1","1","1","1","0","0","2","1","0","0","590000","07","0","0","0","20240601","99999999"
"0","R","530001410","01","2","03","精神科訪問看護基本療養費３（保健師又は看護師による場合）（同一日に３人以上）（週３日目まで３０分未満の場合）","54","精神科訪問看護基本療養費３（保健師又は看護師による場合）（同一日に３人以上）（週３日目まで３０分未満の場合）","20","ｾｲｼﾝｶﾎｳﾓﾝｶﾝｺﾞｷﾎﾝﾘｮｳﾖ","0","0","","1","2130.00","0","0.00","0","0","99999999","0","0.00","0","00","00","0","0","01","03","08","00","00","00","00","00","00","00","00","00","00","00","00","1","3","4","0","A302","B023","0","1","1","30","34","006","1","1","1","1","0","0","2","1","0","0","600000","07","0","0","0","20240601","99999999"
"0","R","530001510","01","2","03","精神科訪問看護基本療養費３（保健師又は看護師による場合）（同一日に３人以上）（週４日目以降３０分以上の場合）","54","精神科訪問看護基本療養費３（保健師又は看護師による場合）（同一日に３人以上）（週４日目以降３０分以上の場合）","20","ｾｲｼﾝｶﾎｳﾓﾝｶﾝｺﾞｷﾎﾝﾘｮｳﾖ","0","0","","1","3280.00","0","0.00","0","0","99999999","0","0.00","0","00","00","0","0","01","03","08","00","00","00","00","00","00","00","00","00","00","00","00","1","3","4","0","A301","B024","0","1","1","30","34","007","1","1","1","1","0","0","2","1","0","0","610000","07","0","0","0","20240601","99999999"
"0","R","530001610","01","2","03","精神科訪問看護基本療養費３（保健師又は看護師による場合）（同一日に３人以上）（週４日目以降３０分未満の場合）","54","精神科訪問看護基本療養費３（保健師又は看護師による場合）（同一日に３人以上）（週４日目以降３０分未満の場合）","20","ｾｲｼﾝｶﾎｳﾓﾝｶﾝｺﾞｷﾎﾝﾘｮｳﾖ","0","0","","1","2550.00","0","0.00","0","0","99999999","0","0.00","0","00","00","0","0","01","03","08","00","00","00","00","00","00","00","00","00","00","00","00","1","3","4","0","A302","B025","0","1","1","30","34","008","1","1","1","1","0","0","2","1","0","0","620000","07","0","0","0","20240601","99999999"
"0","R","530005510","01","2","03","精神科訪問看護基本療養費３（作業療法士による場合）（同一日に２人）（週３日目まで３０分以上の場合）","49","精神科訪問看護基本療養費３（作業療法士による場合）（同一日に２人）（週３日目まで３０分以上の場合）","20","ｾｲｼﾝｶﾎｳﾓﾝｶﾝｺﾞｷﾎﾝﾘｮｳﾖ","0","0","","1","5550.00","0","0.00","0","0","99999999","0","0.00","0","00","00","0","0","05","00","00","00","00","00","00","00","00","00","00","00","00","00","00","1","3","4","0","A301","B085","0","1","1","30","35","001","1","1","1","1","0","0","2","1","0","0","622000","07","0","0","0","20240601","99999999"
"0","R","530005610","01","2","03","精神科訪問看護基本療養費３（作業療法士による場合）（同一日に２人）（週３日目まで３０分未満の場合）","49","精神科訪問看護基本療養費３（作業療法士による場合）（同一日に２人）（週３日目まで３０分未満の場合）","20","ｾｲｼﾝｶﾎｳﾓﾝｶﾝｺﾞｷﾎﾝﾘｮｳﾖ","0","0","","1","4250.00","0","0.00","0","0","99999999","0","0.00","0","00","00","0","0","05","00","00","00","00","00","00","00","00","00","00","00","00","00","00","1","3","4","0","A302","B086","0","1","1","30","35","002","1","1","1","1","0","0","2","1","0","0","623000","07","0","0","0","20240601","99999999"
"0","R","530005710","01","2","03","精神科訪問看護基本療養費３（作業療法士による場合）（同一日に２人）（週４日目以降３０分以上の場合）","49","精神科訪問看護基本療養費３（作業療法士による場合）（同一日に２人）（週４日目以降３０分以上の場合）","20","ｾｲｼﾝｶﾎｳﾓﾝｶﾝｺﾞｷﾎﾝﾘｮｳﾖ","0","0","","1","6550.00","0","0.00","0","0","99999999","0","0.00","0","00","00","0","0","05","00","00","00","00","00","00","00","00","00","00","00","00","00","00","1","3","4","0","A301","B087","0","1","1","30","35","003","1","1","1","1","0","0","2","1","0","0","624000","07","0","0","0","20240601","99999999"
"0","R","530005810","01","2","03","精神科訪問看護基本療養費３（作業療法士による場合）（同一日に２人）（週４日目以降３０分未満の場合）","49","精神科訪問看護基本療養費３（作業療法士による場合）（同一日に２人）（週４日目以降３０分未満の場合）","20","ｾｲｼﾝｶﾎｳﾓﾝｶﾝｺﾞｷﾎﾝﾘｮｳﾖ","0","0","","1","5100.00","0","0.00","0","0","99999999","0","0.00","0","00","00","0","0","05","00","00","00","00","00","00","00","00","00","00","00","00","00","00","1","3","4","0","A302","B088","0","1","1","30","35","004","1","1","1","1","0","0","2","1","0","0","625000","07","0","0","0","20240601","99999999"
"0","R","530005910","01","2","03","精神科訪問看護基本療養費３（作業療法士による場合）（同一日に３人以上）（週３日目まで３０分以上の場合）","51","精神科訪問看護基本療養費３（作業療法士による場合）（同一日に３人以上）（週３日目まで３０分以上の場合）","20","ｾｲｼﾝｶﾎｳﾓﾝｶﾝｺﾞｷﾎﾝﾘｮｳﾖ","0","0","","1","2780.00","0","0.00","0","0","99999999","0","0.00","0","00","00","0","0","05","00","00","00","00","00","00","00","00","00","00","00","00","00","00","1","3","4","0","A301","B089","0","1","1","30","35","005","1","1","1","1","0","0","2","1","0","0","626000","07","0","0","0","20240601","99999999"
"0","R","530006010","01","2","03","精神科訪問看護基本療養費３（作業療法士による場合）（同一日に３人以上）（週３日目まで３０分未満の場合）","51","精神科訪問看護基本療養費３（作業療法士による場合）（同一日に３人以上）（週３日目まで３０分未満の場合）","20","ｾｲｼﾝｶﾎｳﾓﾝｶﾝｺﾞｷﾎﾝﾘｮｳﾖ","0","0","","1","2130.00","0","0.00","0","0","99999999","0","0.00","0","00","00","0","0","05","00","00","00","00","00","00","00","00","00","00","00","00","00","00","1","3","4","0","A302","B090","0","1","1","30","35","006","1","1","1","1","0","0","2","1","0","0","627000","07","0","0","0","20240601","99999999"
"0","R","530006110","01","2","03","精神科訪問看護基本療養費３（作業療法士による場合）（同一日に３人以上）（週４日目以降３０分以上の場合）","51","精神科訪問看護基本療養費３（作業療法士による場合）（同一日に３人以上）（週４日目以降３０分以上の場合）","20","ｾｲｼﾝｶﾎｳﾓﾝｶﾝｺﾞｷﾎﾝﾘｮｳﾖ","0","0","","1","3280.00","0","0.00","0","0","99999999","0","0.00","0","00","00","0","0","05","00","00","00","00","00","00","00","00","00","00","00","00","00","00","1","3","4","0","A301","B091","0","1","1","30","35","007","1","1","1","1","0","0","2","1","0","0","628000","07","0","0","0","20240601","99999999"
"0","R","530006210","01","2","03","精神科訪問看護基本療養費３（作業療法士による場合）（同一日に３人以上）（週４日目以降３０分未満の場合）","51","精神科訪問看護基本療養費３（作業療法士による場合）（同一日に３人以上）（週４日目以降３０分未満の場合）","20","ｾｲｼﾝｶﾎｳﾓﾝｶﾝｺﾞｷﾎﾝﾘｮｳﾖ","0","0","","1","2550.00","0","0.00","0","0","99999999","0","0.00","0","00","00","0","0","05","00","00","00","00","00","00","00","00","00","00","00","00","00","00","1","3","4","0","A302","B092","0","1","1","30","35","008","1","1","1","1","0","0","2","1","0","0","629000","07","0","0","0","20240601","99999999"
"0","R","530001710","01","2","03","精神科訪問看護基本療養費３（准看護師による場合）（同一日に２人）（週３日目まで３０分以上の場合）","48","精神科訪問看護基本療養費３（准看護師による場合）（同一日に２人）（週３日目まで３０分以上の場合）","20","ｾｲｼﾝｶﾎｳﾓﾝｶﾝｺﾞｷﾎﾝﾘｮｳﾖ","0","0","","1","5050.00","0","0.00","0","0","99999999","0","0.00","0","00","00","0","0","07","00","00","00","00","00","00","00","00","00","00","00","00","00","00","1","3","4","0","A301","B026","0","1","1","30","36","001","1","1","1","1","0","0","0","1","0","0","630000","07","0","0","0","20240601","99999999"
"0","R","530001810","01","2","03","精神科訪問看護基本療養費３（准看護師による場合）（同一日に２人）（週３日目まで３０分未満の場合）","48","精神科訪問看護基本療養費３（准看護師による場合）（同一日に２人）（週３日目まで３０分未満の場合）","20","ｾｲｼﾝｶﾎｳﾓﾝｶﾝｺﾞｷﾎﾝﾘｮｳﾖ","0","0","","1","3870.00","0","0.00","0","0","99999999","0","0.00","0","00","00","0","0","07","00","00","00","00","00","00","00","00","00","00","00","00","00","00","1","3","4","0","A302","B027","0","1","1","30","36","002","1","1","1","1","0","0","0","1","0","0","640000","07","0","0","0","20240601","99999999"
"0","R","530001910","01","2","03","精神科訪問看護基本療養費３（准看護師による場合）（同一日に２人）（週４日目以降３０分以上の場合）","48","精神科訪問看護基本療養費３（准看護師による場合）（同一日に２人）（週４日目以降３０分以上の場合）","20","ｾｲｼﾝｶﾎｳﾓﾝｶﾝｺﾞｷﾎﾝﾘｮｳﾖ","0","0","","1","6050.00","0","0.00","0","0","99999999","0","0.00","0","00","00","0","0","07","00","00","00","00","00","00","00","00","00","00","00","00","00","00","1","3","4","0","A301","B028","0","1","1","30","36","003","1","1","1","1","0","0","0","1","0","0","650000","07","0","0","0","20240601","99999999"
"0","R","530002010","01","2","03","精神科訪問看護基本療養費３（准看護師による場合）（同一日に２人）（週４日目以降３０分未満の場合）","48","精神科訪問看護基本療養費３（准看護師による場合）（同一日に２人）（週４日目以降３０分未満の場合）","20","ｾｲｼﾝｶﾎｳﾓﾝｶﾝｺﾞｷﾎﾝﾘｮｳﾖ","0","0","","1","4720.00","0","0.00","0","0","99999999","0","0.00","0","00","00","0","0","07","00","00","00","00","00","00","00","00","00","00","00","00","00","00","1","3","4","0","A302","B029","0","1","1","30","36","004","1","1","1","1","0","0","0","1","0","0","660000","07","0","0","0","20240601","99999999"
"0","R","530002110","01","2","03","精神科訪問看護基本療養費３（准看護師による場合）（同一日に３人以上）（週３日目まで３０分以上の場合）","50","精神科訪問看護基本療養費３（准看護師による場合）（同一日に３人以上）（週３日目まで３０分以上の場合）","20","ｾｲｼﾝｶﾎｳﾓﾝｶﾝｺﾞｷﾎﾝﾘｮｳﾖ","0","0","","1","2530.00","0","0.00","0","0","99999999","0","0.00","0","00","00","0","0","07","00","00","00","00","00","00","00","00","00","00","00","00","00","00","1","3","4","0","A301","B030","0","1","1","30","36","005","1","1","1","1","0","0","0","1","0","0","670000","07","0","0","0","20240601","99999999"
"0","R","530002210","01","2","03","精神科訪問看護基本療養費３（准看護師による場合）（同一日に３人以上）（週３日目まで３０分未満の場合）","50","精神科訪問看護基本療養費３（准看護師による場合）（同一日に３人以上）（週３日目まで３０分未満の場合）","20","ｾｲｼﾝｶﾎｳﾓﾝｶﾝｺﾞｷﾎﾝﾘｮｳﾖ","0","0","","1","1940.00","0","0.00","0","0","99999999","0","0.00","0","00","00","0","0","07","00","00","00","00","00","00","00","00","00","00","00","00","00","00","1","3","4","0","A302","B031","0","1","1","30","36","006","1","1","1","1","0","0","0","1","0","0","680000","07","0","0","0","20240601","99999999"
"0","R","530002310","01","2","03","精神科訪問看護基本療養費３（准看護師による場合）（同一日に３人以上）（週４日目以降３０分以上の場合）","50","精神科訪問看護基本療養費３（准看護師による場合）（同一日に３人以上）（週４日目以降３０分以上の場合）","20","ｾｲｼﾝｶﾎｳﾓﾝｶﾝｺﾞｷﾎﾝﾘｮｳﾖ","0","0","","1","3030.00","0","0.00","0","0","99999999","0","0.00","0","00","00","0","0","07","00","00","00","00","00","00","00","00","00","00","00","00","00","00","1","3","4","0","A301","B032","0","1","1","30","36","007","1","1","1","1","0","0","0","1","0","0","690000","07","0","0","0","20240601","99999999"
"0","R","530002410","01","2","03","精神科訪問看護基本療養費３（准看護師による場合）（同一日に３人以上）（週４日目以降３０分未満の場合）","50","精神科訪問看護基本療養費３（准看護師による場合）（同一日に３人以上）（週４日目以降３０分未満の場合）","20","ｾｲｼﾝｶﾎｳﾓﾝｶﾝｺﾞｷﾎﾝﾘｮｳﾖ","0","0","","1","2360.00","0","0.00","0","0","99999999","0","0.00","0","00","00","0","0","07","00","00","00","00","00","00","00","00","00","00","00","00","00","00","1","3","4","0","A302","B033","0","1","1","30","36","008","1","1","1","1","0","0","0","1","0","0","700000","07","0","0","0","20240601","99999999"
"0","R","530002510","01","2","04","精神科訪問看護基本療養費４","13","精神科訪問看護基本療養費４","20","ｾｲｼﾝｶﾎｳﾓﾝｶﾝｺﾞｷﾎﾝﾘｮｳﾖ","0","0","","1","8500.00","0","0.00","0","0","99999999","0","0.00","0","00","00","0","0","01","03","05","07","08","00","00","00","00","00","00","00","00","00","00","1","3","0","0","A303","B034","0","1","1","30","43","001","1","1","1","1","0","0","0","0","0","0","710000","00","0","0","0","20240601","99999999"
"0","R","530002670","01","2","00","特別地域訪問看護加算（精神科訪問看護基本療養費）","24","特別地域訪問看護加算（精神科訪問看護基本療養費）","19","ﾄｸﾍﾞﾂﾁｲｷﾎｳﾓﾝｶﾝｺﾞｶｻﾝ","0","0","","5","50.00","0","0.00","0","0","99999999","0","0.00","0","00","00","0","0","00","00","00","00","00","00","00","00","00","00","00","00","00","00","00","0","0","0","0","0000","0000","1","1","0","30","31","009","0","0","0","0","0","0","0","0","0","0","720000","00","0","0","0","20240601","99999999"
"0","R","530002770","01","2","00","精神科緊急訪問看護加算（月１４日目まで）（精神科訪問看護基本療養費）","20","精神科緊急訪問看護加算（月１４日目まで）","20","ｾｲｼﾝｶｷﾝｷｭｳﾎｳﾓﾝｶﾝｺﾞｶｻ","0","0","","1","2650.00","0","0.00","0","0","99999999","0","0.00","0","00","00","0","0","00","00","00","00","00","00","00","00","00","00","00","00","00","00","00","0","0","0","1","0000","0000","1","1","0","30","37","001","0","0","0","0","0","0","2","0","1","0","730000","04","0","0","0","20240601","99999999"
"0","R","530005070","01","2","00","精神科緊急訪問看護加算（月１５日目以降）（精神科訪問看護基本療養費）","20","精神科緊急訪問看護加算（月１５日目以降）","20","ｾｲｼﾝｶｷﾝｷｭｳﾎｳﾓﾝｶﾝｺﾞｶｻ","0","0","","1","2000.00","0","0.00","0","0","99999999","0","0.00","0","00","00","0","0","00","00","00","00","00","00","00","00","00","00","00","00","00","00","00","0","0","0","1","0000","0000","1","1","0","30","37","002","0","0","0","0","0","0","2","0","1","0","740000","04","0","0","0","20240601","99999999"
"0","R","530002870","01","2","00","長時間精神科訪問看護加算（精神科訪問看護基本療養費）","12","長時間精神科訪問看護加算","20","ﾁｮｳｼﾞｶﾝｾｲｼﾝｶﾎｳﾓﾝｶﾝｺﾞ","0","0","","1","5200.00","0","0.00","0","0","99999999","0","0.00","0","00","00","0","0","00","00","00","00","00","00","00","00","00","00","00","00","00","00","00","0","0","0","0","0000","0000","1","1","0","30","38","001","0","0","0","0","1","0","0","0","0","0","750000","05","0","0","0","20240601","99999999"
"0","R","530004970","01","2","00","長時間精神科訪問看護加算（別に厚生労働大臣が定める者）（精神科訪問看護基本療養費）","27","長時間精神科訪問看護加算（別に厚生労働大臣が定める者）","20","ﾁｮｳｼﾞｶﾝｾｲｼﾝｶﾎｳﾓﾝｶﾝｺﾞ","0","0","","1","5200.00","0","0.00","0","0","99999999","0","0.00","0","00","15","0","0","00","00","00","00","00","00","00","00","00","00","00","00","00","00","00","0","0","0","0","0000","0000","1","1","0","30","38","002","0","0","0","0","1","0","0","0","0","0","760000","19","0","0","0","20240601","99999999"
"0","R","530002970","01","2","00","複数名精神科訪問看護加算（保健師又は看護師が他の保健師、看護師又は作業療法士と同時に指定訪問看護を行う場合）（１日に１回の場合）（同一建物内１人又は２人）（精神科訪問看護基本療養費）","56","複数名精神科訪問看護加算（他の保健師、看護師又は作業療法士と同時）（１日に１回の場合）（同一建物内１人又は２人）","20","ﾌｸｽｳﾒｲｾｲｼﾝｶﾎｳﾓﾝｶﾝｺﾞｶ","0","0","","1","4500.00","0","0.00","0","0","99999999","0","0.00","0","00","00","0","0","34","00","00","00","00","00","00","00","00","00","00","00","00","00","00","0","0","0","0","0000","0000","1","1","0","30","39","001","0","0","0","0","0","1","2","0","0","0","770000","00","0","0","0","20240601","99999999"
"0","R","530003070","01","2","00","複数名精神科訪問看護加算（保健師又は看護師が他の保健師、看護師又は作業療法士と同時に指定訪問看護を行う場合）（１日に１回の場合）（同一建物内３人以上）（精神科訪問看護基本療養費）","54","複数名精神科訪問看護加算（他の保健師、看護師又は作業療法士と同時）（１日に１回の場合）（同一建物内３人以上）","20","ﾌｸｽｳﾒｲｾｲｼﾝｶﾎｳﾓﾝｶﾝｺﾞｶ","0","0","","1","4000.00","0","0.00","0","0","99999999","0","0.00","0","00","00","0","0","34","00","00","00","00","00","00","00","00","00","00","00","00","00","00","0","0","0","0","0000","0000","1","1","0","30","39","002","0","0","0","0","0","1","2","0","0","0","780000","00","0","0","0","20240601","99999999"
"0","R","530003170","01","2","00","複数名精神科訪問看護加算（保健師又は看護師が他の保健師、看護師又は作業療法士と同時に指定訪問看護を行う場合）（１日に２回の場合）（同一建物内１人又は２人）（精神科訪問看護基本療養費）","56","複数名精神科訪問看護加算（他の保健師、看護師又は作業療法士と同時）（１日に２回の場合）（同一建物内１人又は２人）","20","ﾌｸｽｳﾒｲｾｲｼﾝｶﾎｳﾓﾝｶﾝｺﾞｶ","0","0","","1","9000.00","0","0.00","0","0","99999999","0","0.00","0","00","00","0","0","34","00","00","00","00","00","00","00","00","00","00","00","00","00","00","2","0","0","0","0000","0000","1","1","0","30","39","003","0","0","0","0","0","1","2","0","0","0","790000","00","0","0","0","20240601","99999999"
"0","R","530003270","01","2","00","複数名精神科訪問看護加算（保健師又は看護師が他の保健師、看護師又は作業療法士と同時に指定訪問看護を行う場合）（１日に２回の場合）（同一建物内３人以上）（精神科訪問看護基本療養費）","54","複数名精神科訪問看護加算（他の保健師、看護師又は作業療法士と同時）（１日に２回の場合）（同一建物内３人以上）","20","ﾌｸｽｳﾒｲｾｲｼﾝｶﾎｳﾓﾝｶﾝｺﾞｶ","0","0","","1","8100.00","0","0.00","0","0","99999999","0","0.00","0","00","00","0","0","34","00","00","00","00","00","00","00","00","00","00","00","00","00","00","2","0","0","0","0000","0000","1","1","0","30","39","004","0","0","0","0","0","1","2","0","0","0","800000","00","0","0","0","20240601","99999999"
"0","R","530003370","01","2","00","複数名精神科訪問看護加算（保健師又は看護師が他の保健師、看護師又は作業療法士と同時に指定訪問看護を行う場合）（１日に３回以上の場合）（同一建物内１人又は２人）（精神科訪問看護基本療養費）","58","複数名精神科訪問看護加算（他の保健師、看護師又は作業療法士と同時）（１日に３回以上の場合）（同一建物内１人又は２人）","20","ﾌｸｽｳﾒｲｾｲｼﾝｶﾎｳﾓﾝｶﾝｺﾞｶ","0","0","","1","14500.00","0","0.00","0","0","99999999","0","0.00","0","00","00","0","0","34","00","00","00","00","00","00","00","00","00","00","00","00","00","00","3","0","0","0","0000","0000","1","1","0","30","39","005","0","0","0","0","0","1","2","0","0","0","810000","00","0","0","0","20240601","99999999"
"0","R","530003470","01","2","00","複数名精神科訪問看護加算（保健師又は看護師が他の保健師、看護師又は作業療法士と同時に指定訪問看護を行う場合）（１日に３回以上の場合）（同一建物内３人以上）（精神科訪問看護基本療養費）","56","複数名精神科訪問看護加算（他の保健師、看護師又は作業療法士と同時）（１日に３回以上の場合）（同一建物内３人以上）","20","ﾌｸｽｳﾒｲｾｲｼﾝｶﾎｳﾓﾝｶﾝｺﾞｶ","0","0","","1","13000.00","0","0.00","0","0","99999999","0","0.00","0","00","00","0","0","34","00","00","00","00","00","00","00","00","00","00","00","00","00","00","3","0","0","0","0000","0000","1","1","0","30","39","006","0","0","0","0","0","1","2","0","0","0","820000","00","0","0","0","20240601","99999999"
"0","R","530003570","01","2","00","複数名精神科訪問看護加算（保健師又は看護師が准看護師と同時に指定訪問看護を行う場合）（１日に１回の場合）（同一建物内１人又は２人）（精神科訪問看護基本療養費）","44","複数名精神科訪問看護加算（准看護師と同時）（１日に１回の場合）（同一建物内１人又は２人）","20","ﾌｸｽｳﾒｲｾｲｼﾝｶﾎｳﾓﾝｶﾝｺﾞｶ","0","0","","1","3800.00","0","0.00","0","0","99999999","0","0.00","0","00","00","0","0","35","00","00","00","00","00","00","00","00","00","00","00","00","00","00","0","0","0","0","0000","0000","1","1","0","30","39","007","0","0","0","0","0","1","2","0","0","0","830000","00","0","0","0","20240601","99999999"
"0","R","530003670","01","2","00","複数名精神科訪問看護加算（保健師又は看護師が准看護師と同時に指定訪問看護を行う場合）（１日に１回の場合）（同一建物内３人以上）（精神科訪問看護基本療養費）","42","複数名精神科訪問看護加算（准看護師と同時）（１日に１回の場合）（同一建物内３人以上）","20","ﾌｸｽｳﾒｲｾｲｼﾝｶﾎｳﾓﾝｶﾝｺﾞｶ","0","0","","1","3400.00","0","0.00","0","0","99999999","0","0.00","0","00","00","0","0","35","00","00","00","00","00","00","00","00","00","00","00","00","00","00","0","0","0","0","0000","0000","1","1","0","30","39","008","0","0","0","0","0","1","2","0","0","0","840000","00","0","0","0","20240601","99999999"
"0","R","530003770","01","2","00","複数名精神科訪問看護加算（保健師又は看護師が准看護師と同時に指定訪問看護を行う場合）（１日に２回の場合）（同一建物内１人又は２人）（精神科訪問看護基本療養費）","44","複数名精神科訪問看護加算（准看護師と同時）（１日に２回の場合）（同一建物内１人又は２人）","20","ﾌｸｽｳﾒｲｾｲｼﾝｶﾎｳﾓﾝｶﾝｺﾞｶ","0","0","","1","7600.00","0","0.00","0","0","99999999","0","0.00","0","00","00","0","0","35","00","00","00","00","00","00","00","00","00","00","00","00","00","00","2","0","0","0","0000","0000","1","1","0","30","39","009","0","0","0","0","0","1","2","0","0","0","850000","00","0","0","0","20240601","99999999"
"0","R","530003870","01","2","00","複数名精神科訪問看護加算（保健師又は看護師が准看護師と同時に指定訪問看護を行う場合）（１日に２回の場合）（同一建物内３人以上）（精神科訪問看護基本療養費）","42","複数名精神科訪問看護加算（准看護師と同時）（１日に２回の場合）（同一建物内３人以上）","20","ﾌｸｽｳﾒｲｾｲｼﾝｶﾎｳﾓﾝｶﾝｺﾞｶ","0","0","","1","6800.00","0","0.00","0","0","99999999","0","0.00","0","00","00","0","0","35","00","00","00","00","00","00","00","00","00","00","00","00","00","00","2","0","0","0","0000","0000","1","1","0","30","39","010","0","0","0","0","0","1","2","0","0","0","860000","00","0","0","0","20240601","99999999"
"0","R","530003970","01","2","00","複数名精神科訪問看護加算（保健師又は看護師が准看護師と同時に指定訪問看護を行う場合）（１日に３回以上の場合）（同一建物内１人又は２人）（精神科訪問看護基本療養費）","46","複数名精神科訪問看護加算（准看護師と同時）（１日に３回以上の場合）（同一建物内１人又は２人）","20","ﾌｸｽｳﾒｲｾｲｼﾝｶﾎｳﾓﾝｶﾝｺﾞｶ","0","0","","1","12400.00","0","0.00","0","0","99999999","0","0.00","0","00","00","0","0","35","00","00","00","00","00","00","00","00","00","00","00","00","00","00","3","0","0","0","0000","0000","1","1","0","30","39","011","0","0","0","0","0","1","2","0","0","0","870000","00","0","0","0","20240601","99999999"
"0","R","530004070","01","2","00","複数名精神科訪問看護加算（保健師又は看護師が准看護師と同時に指定訪問看護を行う場合）（１日に３回以上の場合）（同一建物内３人以上）（精神科訪問看護基本療養費）","44","複数名精神科訪問看護加算（准看護師と同時）（１日に３回以上の場合）（同一建物内３人以上）","20","ﾌｸｽｳﾒｲｾｲｼﾝｶﾎｳﾓﾝｶﾝｺﾞｶ","0","0","","1","11200.00","0","0.00","0","0","99999999","0","0.00","0","00","00","0","0","35","00","00","00","00","00","00","00","00","00","00","00","00","00","00","3","0","0","0","0000","0000","1","1","0","30","39","012","0","0","0","0","0","1","2","0","0","0","880000","00","0","0","0","20240601","99999999"
"0","R","530004170","01","2","00","複数名精神科訪問看護加算（保健師又は看護師が看護補助者又は精神保健福祉士と同時に指定訪問看護を行う場合）（同一建物内１人又は２人）（精神科訪問看護基本療養費）","44","複数名精神科訪問看護加算（看護補助者又は精神保健福祉士と同時）（同一建物内１人又は２人）","20","ﾌｸｽｳﾒｲｾｲｼﾝｶﾎｳﾓﾝｶﾝｺﾞｶ","0","0","","1","3000.00","0","0.00","0","0","99999999","0","0.00","0","00","00","0","0","36","00","00","00","00","00","00","00","00","00","00","00","00","00","00","0","0","0","0","0000","0000","1","1","0","30","39","013","0","0","0","0","0","1","2","0","0","0","890000","00","0","0","0","20240601","99999999"
"0","R","530004270","01","2","00","複数名精神科訪問看護加算（保健師又は看護師が看護補助者又は精神保健福祉士と同時に指定訪問看護を行う場合）（同一建物内３人以上）（精神科訪問看護基本療養費）","42","複数名精神科訪問看護加算（看護補助者又は精神保健福祉士と同時）（同一建物内３人以上）","20","ﾌｸｽｳﾒｲｾｲｼﾝｶﾎｳﾓﾝｶﾝｺﾞｶ","0","0","","1","2700.00","0","0.00","0","0","99999999","0","0.00","0","00","00","0","0","36","00","00","00","00","00","00","00","00","00","00","00","00","00","00","0","0","0","0","0000","0000","1","1","0","30","39","014","0","0","0","0","0","1","2","0","0","0","900000","00","0","0","0","20240601","99999999"
"0","R","530004370","01","2","00","夜間・早朝訪問看護加算（精神科訪問看護基本療養費）","25","夜間・早朝訪問看護加算（精神科訪問看護基本療養費）","20","ﾔｶﾝ･ｿｳﾁｮｳﾎｳﾓﾝｶﾝｺﾞｶｻﾝ","0","0","","1","2100.00","0","0.00","0","0","99999999","0","0.00","0","00","00","0","0","00","00","00","00","00","00","00","00","00","00","00","00","00","00","00","0","0","0","0","0000","0000","1","1","0","30","40","001","0","0","0","0","0","0","0","0","0","0","910000","00","0","0","0","20240601","99999999"
"0","R","530004470","01","2","00","深夜訪問看護加算（精神科訪問看護基本療養費）","22","深夜訪問看護加算（精神科訪問看護基本療養費）","14","ｼﾝﾔﾎｳﾓﾝｶﾝｺﾞｶｻﾝ","0","0","","1","4200.00","0","0.00","0","0","99999999","0","0.00","0","00","00","0","0","00","00","00","00","00","00","00","00","00","00","00","00","00","00","00","0","0","0","0","0000","0000","1","1","0","30","41","001","0","0","0","0","0","0","0","0","0","0","920000","00","0","0","0","20240601","99999999"
"0","R","530004570","01","2","00","精神科複数回訪問加算（１日に２回の場合）（同一建物内１人又は２人）（精神科訪問看護基本療養費）","33","精神科複数回訪問加算（１日に２回の場合）（同一建物内１人又は２人）","18","ｾｲｼﾝｶﾌｸｽｳｶｲﾎｳﾓﾝｶｻﾝ","0","0","","1","4500.00","0","0.00","0","0","99999999","0","0.00","0","00","00","0","0","01","02","03","04","05","06","07","08","09","10","00","00","00","00","00","2","0","0","0","0000","B001","1","1","0","30","42","001","0","0","0","0","0","0","0","0","0","0","930000","00","0","0","0","20240601","99999999"
"0","R","530004670","01","2","00","精神科複数回訪問加算（１日に２回の場合）（同一建物内３人以上）（精神科訪問看護基本療養費）","31","精神科複数回訪問加算（１日に２回の場合）（同一建物内３人以上）","18","ｾｲｼﾝｶﾌｸｽｳｶｲﾎｳﾓﾝｶｻﾝ","0","0","","1","4000.00","0","0.00","0","0","99999999","0","0.00","0","00","00","0","0","01","02","03","04","05","06","07","08","09","10","00","00","00","00","00","2","0","0","0","0000","B052","1","1","0","30","42","002","0","0","0","0","0","0","0","0","0","0","940000","00","0","0","0","20240601","99999999"
"0","R","530004770","01","2","00","精神科複数回訪問加算（１日に３回以上の場合）（同一建物内１人又は２人）（精神科訪問看護基本療養費）","35","精神科複数回訪問加算（１日に３回以上の場合）（同一建物内１人又は２人）","18","ｾｲｼﾝｶﾌｸｽｳｶｲﾎｳﾓﾝｶｻﾝ","0","0","","1","8000.00","0","0.00","0","0","99999999","0","0.00","0","00","00","0","0","01","02","03","04","05","06","07","08","09","10","00","00","00","00","00","3","0","0","0","0000","B002","1","1","0","30","42","003","0","0","0","0","0","0","0","0","0","0","950000","00","0","0","0","20240601","99999999"
"0","R","530004870","01","2","00","精神科複数回訪問加算（１日に３回以上の場合）（同一建物内３人以上）（精神科訪問看護基本療養費）","33","精神科複数回訪問加算（１日に３回以上の場合）（同一建物内３人以上）","18","ｾｲｼﾝｶﾌｸｽｳｶｲﾎｳﾓﾝｶｻﾝ","0","0","","1","7200.00","0","0.00","0","0","99999999","0","0.00","0","00","00","0","0","01","02","03","04","05","06","07","08","09","10","00","00","00","00","00","3","0","0","0","0000","B053","1","1","0","30","42","004","0","0","0","0","0","0","0","0","0","0","960000","00","0","0","0","20240601","99999999"
"0","R","550000110","02","0","01","訪問看護管理療養費（月の初日の訪問の場合）（機能強化型訪問看護管理療養費１）","38","訪問看護管理療養費（月の初日の訪問の場合）（機能強化型訪問看護管理療養費１）","17","ﾎｳﾓﾝｶﾝｺﾞｶﾝﾘﾘｮｳﾖｳﾋ","0","0","","1","13230.00","1","12830.00","0","0","99999999","0","0.00","0","00","00","0","0","00","00","00","00","00","00","00","00","00","00","00","00","00","00","00","0","0","0","0","A501","B003","0","1","1","50","51","001","0","0","0","0","0","0","0","0","0","0","970000","22","0","0","0","20240601","99999999"
"0","R","550000210","02","0","01","訪問看護管理療養費（月の初日の訪問の場合）（機能強化型訪問看護管理療養費２）","38","訪問看護管理療養費（月の初日の訪問の場合）（機能強化型訪問看護管理療養費２）","17","ﾎｳﾓﾝｶﾝｺﾞｶﾝﾘﾘｮｳﾖｳﾋ","0","0","","1","10030.00","1","9800.00","0","0","99999999","0","0.00","0","00","00","0","0","00","00","00","00","00","00","00","00","00","00","00","00","00","00","00","0","0","0","0","A501","B004","0","1","1","50","51","002","0","0","0","0","0","0","0","0","0","0","980000","22","0","0","0","20240601","99999999"
"0","R","550000310","02","0","01","訪問看護管理療養費（月の初日の訪問の場合）（機能強化型訪問看護管理療養費３）","38","訪問看護管理療養費（月の初日の訪問の場合）（機能強化型訪問看護管理療養費３）","17","ﾎｳﾓﾝｶﾝｺﾞｶﾝﾘﾘｮｳﾖｳﾋ","0","0","","1","8700.00","1","8470.00","0","0","99999999","0","0.00","0","00","00","0","0","00","00","00","00","00","00","00","00","00","00","00","00","00","00","00","0","0","0","0","A501","B005","0","1","1","50","51","003","0","0","0","0","0","0","0","0","0","0","990000","22","0","0","0","20240601","99999999"
"0","R","550000410","02","0","01","訪問看護管理療養費（月の初日の訪問の場合）（イからハまで以外の場合）","34","訪問看護管理療養費（月の初日の訪問の場合）（イからハまで以外の場合）","17","ﾎｳﾓﾝｶﾝｺﾞｶﾝﾘﾘｮｳﾖｳﾋ","0","0","","1","7670.00","1","7440.00","0","0","99999999","0","0.00","0","00","00","0","0","00","00","00","00","00","00","00","00","00","00","00","00","00","00","00","0","0","0","0","A501","0000","0","1","1","50","51","004","0","0","0","0","0","0","0","0","0","0","1000000","22","0","0","0","20240601","99999999"
"0","R","550000510","02","0","02","訪問看護管理療養費（月の２日目以降の訪問の場合）（訪問看護管理療養費１）（１日につき）","36","訪問看護管理療養費（月の２日目以降の訪問の場合）（訪問看護管理療養費１）","17","ﾎｳﾓﾝｶﾝｺﾞｶﾝﾘﾘｮｳﾖｳﾋ","0","0","","1","3000.00","0","0.00","0","0","99999999","0","0.00","0","00","00","0","0","00","00","00","00","00","00","00","00","00","00","00","00","00","00","00","0","0","0","0","A501","B057","0","1","1","50","51","005","0","0","0","0","0","0","0","0","0","0","1010000","00","0","0","0","20240601","99999999"
"0","R","550002010","02","0","02","訪問看護管理療養費（月の２日目以降の訪問の場合）（訪問看護管理療養費２）（１日につき）","36","訪問看護管理療養費（月の２日目以降の訪問の場合）（訪問看護管理療養費２）","17","ﾎｳﾓﾝｶﾝｺﾞｶﾝﾘﾘｮｳﾖｳﾋ","0","0","","1","2500.00","0","0.00","0","0","99999999","0","0.00","0","00","00","0","0","00","00","00","00","00","00","00","00","00","00","00","00","00","00","00","0","0","0","0","A501","B058","0","1","1","50","51","006","0","0","0","0","0","0","0","0","0","0","1020000","00","0","0","0","20240601","99999999"
"0","R","550002170","02","0","00","２４時間対応体制加算（看護業務の負担軽減の取組を行っている場合）（訪問看護管理療養費）","32","２４時間対応体制加算（看護業務の負担軽減の取組を行っている場合）","17","24ｼﾞｶﾝﾀｲｵｳﾀｲｾｲｶｻﾝ","0","0","","1","6800.00","0","0.00","0","0","99999999","0","0.00","0","00","00","0","0","00","00","00","00","00","00","00","00","00","00","00","00","00","00","00","0","0","0","0","0000","B059","1","1","1","50","52","001","0","0","0","0","0","0","0","0","0","0","1030000","00","0","0","0","20240601","99999999"
"0","R","550000670","02","0","00","２４時間対応体制加算（イ以外の場合）（訪問看護管理療養費）","18","２４時間対応体制加算（イ以外の場合）","17","24ｼﾞｶﾝﾀｲｵｳﾀｲｾｲｶｻﾝ","0","0","","1","6520.00","1","6400.00","0","0","99999999","0","0.00","0","00","00","0","0","00","00","00","00","00","00","00","00","00","00","00","00","00","00","00","0","0","0","0","0000","B035","1","1","1","50","52","002","0","0","0","0","0","0","0","0","0","0","1040000","00","0","0","0","20240601","99999999"
"0","R","550000770","02","0","00","特別管理加算（訪問看護管理療養費）","6","特別管理加算","11","ﾄｸﾍﾞﾂｶﾝﾘｶｻﾝ","0","0","","1","2500.00","0","0.00","0","0","99999999","0","0.00","0","00","00","0","0","00","00","00","00","00","00","00","00","00","00","00","00","00","00","00","0","0","0","0","0000","B036","1","1","1","50","53","001","0","0","0","0","0","0","0","0","0","0","1050000","08","0","0","0","20240601","99999999"
"0","R","550000870","02","0","00","特別管理加算（特別な管理を必要とする利用者のうち重症度等の高いものとして別に厚生労働大臣が定める状態等にある利用者）（訪問看護管理療養費）","58","特別管理加算（特別な管理を必要とする利用者のうち重症度等の高いものとして別に厚生労働大臣が定める状態等にある利用者）","11","ﾄｸﾍﾞﾂｶﾝﾘｶｻﾝ","0","0","","1","5000.00","0","0.00","0","0","99999999","0","0.00","0","00","00","0","0","00","00","00","00","00","00","00","00","00","00","00","00","00","00","00","0","0","0","0","0000","B037","1","1","1","50","53","002","0","0","0","0","0","0","0","0","0","0","1060000","09","0","0","0","20240601","99999999"
"0","R","550000970","02","0","00","退院時共同指導加算（訪問看護管理療養費）","9","退院時共同指導加算","19","ﾀｲｲﾝｼﾞｷｮｳﾄﾞｳｼﾄﾞｳｶｻﾝ","0","0","","1","8000.00","0","0.00","0","0","99999999","0","0.00","0","00","00","0","0","01","02","03","04","05","06","08","00","00","00","00","00","00","00","00","0","0","0","0","0000","0000","1","0","1","50","54","001","0","0","0","0","0","0","0","0","0","0","1070000","10","0","0","0","20240601","99999999"
"0","R","550001070","02","0","00","特別管理指導加算（訪問看護管理療養費）","8","特別管理指導加算","15","ﾄｸﾍﾞﾂｶﾝﾘｼﾄﾞｳｶｻﾝ","0","0","","1","2000.00","0","0.00","0","0","99999999","0","0.00","0","00","00","0","0","01","02","03","04","05","06","08","00","00","00","00","00","00","00","00","0","0","0","0","0000","0000","1","0","1","50","54","002","0","0","0","0","0","0","0","0","0","0","1080000","11","0","0","0","20240601","99999999"
"0","R","550001170","02","0","00","退院支援指導加算（訪問看護管理療養費）","8","退院支援指導加算","14","ﾀｲｲﾝｼｴﾝｼﾄﾞｳｶｻﾝ","0","0","","1","6000.00","0","0.00","0","0","99999999","0","0.00","0","00","00","0","0","01","02","03","04","05","06","08","00","00","00","00","00","00","00","00","0","0","0","1","0000","0000","1","1","1","50","55","001","0","0","0","0","0","0","0","0","0","0","1090000","12","0","0","0","20240601","99999999"
"0","R","550001270","02","0","00","退院支援指導加算（別に厚生労働大臣が定める長時間の訪問を要する者）（訪問看護管理療養費）","33","退院支援指導加算（別に厚生労働大臣が定める長時間の訪問を要する者）","14","ﾀｲｲﾝｼｴﾝｼﾄﾞｳｶｻﾝ","0","0","","1","8400.00","0","0.00","0","0","99999999","0","0.00","0","00","00","0","0","01","02","03","04","05","06","08","00","00","00","00","00","00","00","00","0","0","0","1","0000","0000","1","1","1","50","55","002","0","0","0","0","0","0","0","0","0","0","1100000","00","0","0","0","20240601","99999999"
"0","R","550001370","02","0","00","在宅患者連携指導加算（訪問看護管理療養費）","10","在宅患者連携指導加算","20","ｻﾞｲﾀｸｶﾝｼﾞｬﾚﾝｹｲｼﾄﾞｳｶｻ","0","0","","1","3000.00","0","0.00","0","0","99999999","0","0.00","0","00","00","0","0","01","02","03","04","05","06","08","00","00","00","00","00","00","00","00","0","0","0","0","0000","0000","1","1","1","50","56","001","0","0","0","0","0","0","0","0","0","0","1110000","00","0","0","0","20240601","99999999"
"0","R","550001470","02","0","00","在宅患者緊急時等カンファレンス加算（訪問看護管理療養費）","17","在宅患者緊急時等カンファレンス加算","20","ｻﾞｲﾀｸｶﾝｼﾞｬｷﾝｷｭｳｼﾞﾄｳｶ","0","0","","1","2000.00","0","0.00","0","0","99999999","0","0.00","0","00","00","0","0","01","02","03","04","05","06","08","00","00","00","00","00","00","00","00","0","0","0","0","0000","0000","1","1","1","50","57","001","0","0","0","0","0","0","0","0","0","0","1120000","00","0","0","0","20240601","99999999"
"0","R","550001570","02","0","00","精神科重症患者支援管理連携加算（精神科在宅患者支援管理料２のイを算定する利用者に定期的な訪問看護を行う場合）（訪問看護管理療養費）","54","精神科重症患者支援管理連携加算（精神科在宅患者支援管理料２のイを算定する利用者に定期的な訪問看護を行う場合）","20","ｾｲｼﾝｶｼﾞｭｳｼｮｳｶﾝｼﾞｬｼｴﾝ","0","0","","1","8400.00","0","0.00","0","0","99999999","0","0.00","0","00","00","0","0","01","03","05","07","08","00","00","00","00","00","00","00","00","00","00","0","0","0","0","0000","B006","1","1","1","50","58","001","0","0","0","0","0","0","0","0","0","0","1130000","00","0","0","0","20240601","99999999"
"0","R","550001670","02","0","00","精神科重症患者支援管理連携加算（精神科在宅患者支援管理料２のロを算定する利用者に定期的な訪問看護を行う場合）（訪問看護管理療養費）","54","精神科重症患者支援管理連携加算（精神科在宅患者支援管理料２のロを算定する利用者に定期的な訪問看護を行う場合）","20","ｾｲｼﾝｶｼﾞｭｳｼｮｳｶﾝｼﾞｬｼｴﾝ","0","0","","1","5800.00","0","0.00","0","0","99999999","0","0.00","0","00","00","0","0","01","03","05","07","08","00","00","00","00","00","00","00","00","00","00","0","0","0","0","0000","B007","1","1","1","50","58","002","0","0","0","0","0","0","0","0","0","0","1140000","00","0","0","0","20240601","99999999"
"5","R","550001770","02","0","00","看護・介護職員連携強化加算（２４時間対応体制加算（イ以外の場合））（訪問看護管理療養費）","33","看護・介護職員連携強化加算（２４時間対応体制加算（イ以外の場合））","20","ｶﾝｺﾞ･ｶｲｺﾞｼｮｸｲﾝﾚﾝｹｲｷｮ","0","0","","1","2500.00","0","0.00","0","0","99999999","0","0.00","0","00","00","0","0","03","07","08","00","00","00","00","00","00","00","00","00","00","00","00","0","0","0","0","0000","B038","1","1","1","50","59","002","0","0","0","0","0","0","0","0","0","0","1150000","13","0","0","0","20240601","99999999"
"3","R","550002370","02","0","00","看護・介護職員連携強化加算（２４時間対応体制加算（看護業務の負担軽減の取組を行っている場合））（訪問看護管理療養費）","47","看護・介護職員連携強化加算（２４時間対応体制加算（看護業務の負担軽減の取組を行っている場合））","20","ｶﾝｺﾞ･ｶｲｺﾞｼｮｸｲﾝﾚﾝｹｲｷｮ","0","0","","1","2500.00","0","0.00","0","0","99999999","0","0.00","0","00","00","0","0","03","07","08","00","00","00","00","00","00","00","00","00","00","00","00","0","0","0","0","0000","B105","1","1","1","50","59","001","0","0","0","0","0","0","0","0","0","0","1155000","13","0","0","0","20240601","99999999"
"0","R","550001870","02","0","00","専門管理加算（緩和ケア、褥瘡ケア又は人工肛門ケア及び人工膀胱ケアに係る専門の研修を受けた看護師が計画的な管理を行った場合）（訪問看護管理療養費）","61","専門管理加算（緩和ケア、褥瘡ケア又は人工肛門ケア及び人工膀胱ケアに係る専門の研修を受けた看護師が計画的な管理を行った場合）","10","ｾﾝﾓﾝｶﾝﾘｶｻﾝ","0","0","","1","2500.00","0","0.00","0","0","99999999","0","0.00","0","00","00","0","0","00","00","00","00","00","00","00","00","00","00","00","00","00","00","00","0","0","0","0","0000","B054","1","1","1","50","60","001","0","0","0","0","0","0","0","0","0","0","1160000","21","0","0","0","20240601","99999999"
"0","R","550001970","02","0","00","専門管理加算（特定行為研修を修了した看護師が計画的な管理を行った場合）（訪問看護管理療養費）","35","専門管理加算（特定行為研修を修了した看護師が計画的な管理を行った場合）","10","ｾﾝﾓﾝｶﾝﾘｶｻﾝ","0","0","","1","2500.00","0","0.00","0","0","99999999","0","0.00","0","00","00","0","0","00","00","00","00","00","00","00","00","00","00","00","00","00","00","00","0","0","0","0","0000","B055","1","1","1","50","60","002","0","0","0","0","0","0","0","0","0","0","1170000","17","0","0","0","20240601","99999999"
"0","R","550002270","02","0","00","訪問看護医療ＤＸ情報活用加算（訪問看護管理療養費）","14","訪問看護医療ＤＸ情報活用加算","20","ﾎｳﾓﾝｶﾝｺﾞｲﾘｮｳDXｼﾞｮｳﾎｳ","0","0","","1","50.00","0","0.00","0","0","99999999","0","0.00","0","00","00","0","0","00","00","00","00","00","00","00","00","00","00","00","00","00","00","00","0","0","0","0","0000","B060","1","1","1","50","61","001","0","0","0","0","0","0","0","0","0","0","1180000","00","0","0","0","20240601","99999999"
"0","R","570000110","03","0","01","訪問看護情報提供療養費１","12","訪問看護情報提供療養費１","20","ﾎｳﾓﾝｶﾝｺﾞｼﾞｮｳﾎｳﾃｲｷｮｳﾘ","0","0","","1","1500.00","0","0.00","0","0","99999999","0","0.00","0","00","00","0","0","00","00","00","00","00","00","00","00","00","00","00","00","00","00","00","0","0","0","0","0000","0000","0","1","0","70","70","001","0","0","0","0","0","0","0","0","0","0","1190000","14","0","0","0","20240601","99999999"
"0","R","570000210","03","0","02","訪問看護情報提供療養費２","12","訪問看護情報提供療養費２","20","ﾎｳﾓﾝｶﾝｺﾞｼﾞｮｳﾎｳﾃｲｷｮｳﾘ","0","0","","1","1500.00","0","0.00","0","0","99999999","0","0.00","0","00","00","0","0","00","00","00","00","00","00","00","00","00","00","00","00","00","00","00","0","0","0","0","0000","0000","0","1","0","70","70","002","0","0","0","0","0","0","0","0","0","0","1200000","15","0","0","0","20240601","99999999"
"0","R","570000310","03","0","03","訪問看護情報提供療養費３","12","訪問看護情報提供療養費３","20","ﾎｳﾓﾝｶﾝｺﾞｼﾞｮｳﾎｳﾃｲｷｮｳﾘ","0","0","","1","1500.00","0","0.00","0","0","99999999","0","0.00","0","00","00","0","0","00","00","00","00","00","00","00","00","00","00","00","00","00","00","00","0","0","0","0","0000","0000","0","1","0","70","70","003","0","0","0","0","0","0","0","0","0","0","1210000","18","0","0","0","20240601","99999999"
"0","R","580000110","05","0","01","訪問看護ターミナルケア療養費１","15","訪問看護ターミナルケア療養費１","20","ﾎｳﾓﾝｶﾝｺﾞﾀｰﾐﾅﾙｹｱﾘｮｳﾖｳ","0","0","","1","25000.00","0","0.00","0","0","99999999","0","0.00","0","00","00","0","0","00","00","00","00","00","00","00","00","00","00","00","00","00","00","00","0","0","0","0","A801","0000","0","1","0","80","81","001","0","0","0","0","0","0","0","0","0","0","1220000","16","0","0","0","20240601","99999999"
"0","R","580000210","05","0","02","訪問看護ターミナルケア療養費２","15","訪問看護ターミナルケア療養費２","20","ﾎｳﾓﾝｶﾝｺﾞﾀｰﾐﾅﾙｹｱﾘｮｳﾖｳ","0","0","","1","10000.00","0","0.00","0","0","99999999","0","0.00","0","00","00","0","0","00","00","00","00","00","00","00","00","00","00","00","00","00","00","00","0","0","0","0","A801","0000","0","1","0","80","81","002","0","0","0","0","0","0","0","0","0","0","1230000","16","0","0","0","20240601","99999999"
"0","R","580000370","05","0","00","遠隔死亡診断補助加算（訪問看護ターミナルケア療養費）","10","遠隔死亡診断補助加算","20","ｴﾝｶｸｼﾎﾞｳｼﾝﾀﾞﾝﾎｼﾞｮｶｻﾝ","0","0","","1","1500.00","0","0.00","0","0","99999999","0","0.00","0","00","00","0","0","03","08","00","00","00","00","00","00","00","00","00","00","00","00","00","0","0","0","0","0000","B056","1","1","0","80","82","001","0","0","0","0","0","0","0","0","0","0","1240000","00","0","0","0","20240601","99999999"
"0","R","588000110","91","0","00","医療観察訪問看護基本料１（保健師又は看護師による場合）（週３日目まで３０分以上の場合）","43","医療観察訪問看護基本料１（保健師又は看護師による場合）（週３日目まで３０分以上の場合）","20","ｲﾘｮｳｶﾝｻﾂﾎｳﾓﾝｶﾝｺﾞｷﾎﾝﾘ","0","0","","3","555.00","0","0.00","0","0","99999999","0","0.00","0","00","00","0","1","01","03","08","00","00","00","00","00","00","00","00","00","00","00","00","1","5","6","0","A881","B039","0","1","1","30","31","005","1","1","1","1","0","0","0","0","0","0","1250000","00","0","0","0","20240601","99999999"
"0","R","588000210","91","0","00","医療観察訪問看護基本料１（保健師又は看護師による場合）（週３日目まで３０分未満の場合）","43","医療観察訪問看護基本料１（保健師又は看護師による場合）（週３日目まで３０分未満の場合）","20","ｲﾘｮｳｶﾝｻﾂﾎｳﾓﾝｶﾝｺﾞｷﾎﾝﾘ","0","0","","3","425.00","0","0.00","0","0","99999999","0","0.00","0","00","00","0","1","01","03","08","00","00","00","00","00","00","00","00","00","00","00","00","1","5","6","0","A882","B040","0","1","1","30","31","006","1","1","1","1","0","0","0","0","0","0","1260000","00","0","0","0","20240601","99999999"
"0","R","588000310","91","0","00","医療観察訪問看護基本料１（保健師又は看護師による場合）（週４日目以降３０分以上の場合）","43","医療観察訪問看護基本料１（保健師又は看護師による場合）（週４日目以降３０分以上の場合）","20","ｲﾘｮｳｶﾝｻﾂﾎｳﾓﾝｶﾝｺﾞｷﾎﾝﾘ","0","0","","3","655.00","0","0.00","0","0","99999999","0","0.00","0","00","00","0","1","01","03","08","00","00","00","00","00","00","00","00","00","00","00","00","1","5","6","0","A881","B041","0","1","1","30","31","007","1","1","1","1","0","0","0","0","0","0","1270000","90","0","0","0","20240601","99999999"
"0","R","588000410","91","0","00","医療観察訪問看護基本料１（保健師又は看護師による場合）（週４日目以降３０分未満の場合）","43","医療観察訪問看護基本料１（保健師又は看護師による場合）（週４日目以降３０分未満の場合）","20","ｲﾘｮｳｶﾝｻﾂﾎｳﾓﾝｶﾝｺﾞｷﾎﾝﾘ","0","0","","3","510.00","0","0.00","0","0","99999999","0","0.00","0","00","00","0","1","01","03","08","00","00","00","00","00","00","00","00","00","00","00","00","1","5","6","0","A882","B042","0","1","1","30","31","008","1","1","1","1","0","0","0","0","0","0","1280000","90","0","0","0","20240601","99999999"
"0","R","588004110","91","0","00","医療観察訪問看護基本料１（作業療法士による場合）（週３日目まで３０分以上の場合）","40","医療観察訪問看護基本料１（作業療法士による場合）（週３日目まで３０分以上の場合）","20","ｲﾘｮｳｶﾝｻﾂﾎｳﾓﾝｶﾝｺﾞｷﾎﾝﾘ","0","0","","3","555.00","0","0.00","0","0","99999999","0","0.00","0","00","00","0","1","05","00","00","00","00","00","00","00","00","00","00","00","00","00","00","1","5","6","0","A881","B080","0","1","1","30","32","005","1","1","1","1","0","0","0","0","0","0","1281000","00","0","0","0","20240601","99999999"
"0","R","588004210","91","0","00","医療観察訪問看護基本料１（作業療法士による場合）（週３日目まで３０分未満の場合）","40","医療観察訪問看護基本料１（作業療法士による場合）（週３日目まで３０分未満の場合）","20","ｲﾘｮｳｶﾝｻﾂﾎｳﾓﾝｶﾝｺﾞｷﾎﾝﾘ","0","0","","3","425.00","0","0.00","0","0","99999999","0","0.00","0","00","00","0","1","05","00","00","00","00","00","00","00","00","00","00","00","00","00","00","1","5","6","0","A882","B093","0","1","1","30","32","006","1","1","1","1","0","0","0","0","0","0","1282000","00","0","0","0","20240601","99999999"
"0","R","588004310","91","0","00","医療観察訪問看護基本料１（作業療法士による場合）（週４日目以降３０分以上の場合）","40","医療観察訪問看護基本料１（作業療法士による場合）（週４日目以降３０分以上の場合）","20","ｲﾘｮｳｶﾝｻﾂﾎｳﾓﾝｶﾝｺﾞｷﾎﾝﾘ","0","0","","3","655.00","0","0.00","0","0","99999999","0","0.00","0","00","00","0","1","05","00","00","00","00","00","00","00","00","00","00","00","00","00","00","1","5","6","0","A881","B094","0","1","1","30","32","007","1","1","1","1","0","0","0","0","0","0","1283000","90","0","0","0","20240601","99999999"
"0","R","588004410","91","0","00","医療観察訪問看護基本料１（作業療法士による場合）（週４日目以降３０分未満の場合）","40","医療観察訪問看護基本料１（作業療法士による場合）（週４日目以降３０分未満の場合）","20","ｲﾘｮｳｶﾝｻﾂﾎｳﾓﾝｶﾝｺﾞｷﾎﾝﾘ","0","0","","3","510.00","0","0.00","0","0","99999999","0","0.00","0","00","00","0","1","05","00","00","00","00","00","00","00","00","00","00","00","00","00","00","1","5","6","0","A882","B095","0","1","1","30","32","008","1","1","1","1","0","0","0","0","0","0","1284000","90","0","0","0","20240601","99999999"
"0","R","588000510","91","0","00","医療観察訪問看護基本料３（保健師又は看護師による場合）（同一日に２人）（週３日目まで３０分以上の場合）","51","医療観察訪問看護基本料３（保健師又は看護師による場合）（同一日に２人）（週３日目まで３０分以上の場合）","20","ｲﾘｮｳｶﾝｻﾂﾎｳﾓﾝｶﾝｺﾞｷﾎﾝﾘ","0","0","","3","555.00","0","0.00","0","0","99999999","0","0.00","0","00","00","0","1","01","03","08","00","00","00","00","00","00","00","00","00","00","00","00","1","5","6","0","A881","B043","0","1","1","30","34","009","1","1","1","1","0","0","0","0","0","0","1290000","00","0","0","0","20240601","99999999"
"0","R","588000610","91","0","00","医療観察訪問看護基本料３（保健師又は看護師による場合）（同一日に２人）（週３日目まで３０分未満の場合）","51","医療観察訪問看護基本料３（保健師又は看護師による場合）（同一日に２人）（週３日目まで３０分未満の場合）","20","ｲﾘｮｳｶﾝｻﾂﾎｳﾓﾝｶﾝｺﾞｷﾎﾝﾘ","0","0","","3","425.00","0","0.00","0","0","99999999","0","0.00","0","00","00","0","1","01","03","08","00","00","00","00","00","00","00","00","00","00","00","00","1","5","6","0","A882","B044","0","1","1","30","34","010","1","1","1","1","0","0","0","0","0","0","1300000","00","0","0","0","20240601","99999999"
"0","R","588000710","91","0","00","医療観察訪問看護基本料３（保健師又は看護師による場合）（同一日に２人）（週４日目以降３０分以上の場合）","51","医療観察訪問看護基本料３（保健師又は看護師による場合）（同一日に２人）（週４日目以降３０分以上の場合）","20","ｲﾘｮｳｶﾝｻﾂﾎｳﾓﾝｶﾝｺﾞｷﾎﾝﾘ","0","0","","3","655.00","0","0.00","0","0","99999999","0","0.00","0","00","00","0","1","01","03","08","00","00","00","00","00","00","00","00","00","00","00","00","1","5","6","0","A881","B045","0","1","1","30","34","011","1","1","1","1","0","0","0","0","0","0","1310000","90","0","0","0","20240601","99999999"
"0","R","588000810","91","0","00","医療観察訪問看護基本料３（保健師又は看護師による場合）（同一日に２人）（週４日目以降３０分未満の場合）","51","医療観察訪問看護基本料３（保健師又は看護師による場合）（同一日に２人）（週４日目以降３０分未満の場合）","20","ｲﾘｮｳｶﾝｻﾂﾎｳﾓﾝｶﾝｺﾞｷﾎﾝﾘ","0","0","","3","510.00","0","0.00","0","0","99999999","0","0.00","0","00","00","0","1","01","03","08","00","00","00","00","00","00","00","00","00","00","00","00","1","5","6","0","A882","B046","0","1","1","30","34","012","1","1","1","1","0","0","0","0","0","0","1320000","90","0","0","0","20240601","99999999"
"0","R","588000910","91","0","00","医療観察訪問看護基本料３（保健師又は看護師による場合）（同一日に３人以上）（週３日目まで３０分以上の場合）","53","医療観察訪問看護基本料３（保健師又は看護師による場合）（同一日に３人以上）（週３日目まで３０分以上の場合）","20","ｲﾘｮｳｶﾝｻﾂﾎｳﾓﾝｶﾝｺﾞｷﾎﾝﾘ","0","0","","3","278.00","0","0.00","0","0","99999999","0","0.00","0","00","00","0","1","01","03","08","00","00","00","00","00","00","00","00","00","00","00","00","1","5","6","0","A881","B047","0","1","1","30","34","013","1","1","1","1","0","0","0","0","0","0","1330000","00","0","0","0","20240601","99999999"
"0","R","588001010","91","0","00","医療観察訪問看護基本料３（保健師又は看護師による場合）（同一日に３人以上）（週３日目まで３０分未満の場合）","53","医療観察訪問看護基本料３（保健師又は看護師による場合）（同一日に３人以上）（週３日目まで３０分未満の場合）","20","ｲﾘｮｳｶﾝｻﾂﾎｳﾓﾝｶﾝｺﾞｷﾎﾝﾘ","0","0","","3","213.00","0","0.00","0","0","99999999","0","0.00","0","00","00","0","1","01","03","08","00","00","00","00","00","00","00","00","00","00","00","00","1","5","6","0","A882","B048","0","1","1","30","34","014","1","1","1","1","0","0","0","0","0","0","1340000","00","0","0","0","20240601","99999999"
"0","R","588001110","91","0","00","医療観察訪問看護基本料３（保健師又は看護師による場合）（同一日に３人以上）（週４日目以降３０分以上の場合）","53","医療観察訪問看護基本料３（保健師又は看護師による場合）（同一日に３人以上）（週４日目以降３０分以上の場合）","20","ｲﾘｮｳｶﾝｻﾂﾎｳﾓﾝｶﾝｺﾞｷﾎﾝﾘ","0","0","","3","328.00","0","0.00","0","0","99999999","0","0.00","0","00","00","0","1","01","03","08","00","00","00","00","00","00","00","00","00","00","00","00","1","5","6","0","A881","B049","0","1","1","30","34","015","1","1","1","1","0","0","0","0","0","0","1350000","90","0","0","0","20240601","99999999"
"0","R","588001210","91","0","00","医療観察訪問看護基本料３（保健師又は看護師による場合）（同一日に３人以上）（週４日目以降３０分未満の場合）","53","医療観察訪問看護基本料３（保健師又は看護師による場合）（同一日に３人以上）（週４日目以降３０分未満の場合）","20","ｲﾘｮｳｶﾝｻﾂﾎｳﾓﾝｶﾝｺﾞｷﾎﾝﾘ","0","0","","3","255.00","0","0.00","0","0","99999999","0","0.00","0","00","00","0","1","01","03","08","00","00","00","00","00","00","00","00","00","00","00","00","1","5","6","0","A882","B050","0","1","1","30","34","016","1","1","1","1","0","0","0","0","0","0","1360000","90","0","0","0","20240601","99999999"
"0","R","588004510","91","0","00","医療観察訪問看護基本料３（作業療法士による場合）（同一日に２人）（週３日目まで３０分以上の場合）","48","医療観察訪問看護基本料３（作業療法士による場合）（同一日に２人）（週３日目まで３０分以上の場合）","20","ｲﾘｮｳｶﾝｻﾂﾎｳﾓﾝｶﾝｺﾞｷﾎﾝﾘ","0","0","","3","555.00","0","0.00","0","0","99999999","0","0.00","0","00","00","0","1","05","00","00","00","00","00","00","00","00","00","00","00","00","00","00","1","5","6","0","A881","B096","0","1","1","30","35","009","1","1","1","1","0","0","0","0","0","0","1362000","00","0","0","0","20240601","99999999"
"0","R","588004610","91","0","00","医療観察訪問看護基本料３（作業療法士による場合）（同一日に２人）（週３日目まで３０分未満の場合）","48","医療観察訪問看護基本料３（作業療法士による場合）（同一日に２人）（週３日目まで３０分未満の場合）","20","ｲﾘｮｳｶﾝｻﾂﾎｳﾓﾝｶﾝｺﾞｷﾎﾝﾘ","0","0","","3","425.00","0","0.00","0","0","99999999","0","0.00","0","00","00","0","1","05","00","00","00","00","00","00","00","00","00","00","00","00","00","00","1","5","6","0","A882","B097","0","1","1","30","35","010","1","1","1","1","0","0","0","0","0","0","1363000","00","0","0","0","20240601","99999999"
"0","R","588004710","91","0","00","医療観察訪問看護基本料３（作業療法士による場合）（同一日に２人）（週４日目以降３０分以上の場合）","48","医療観察訪問看護基本料３（作業療法士による場合）（同一日に２人）（週４日目以降３０分以上の場合）","20","ｲﾘｮｳｶﾝｻﾂﾎｳﾓﾝｶﾝｺﾞｷﾎﾝﾘ","0","0","","3","655.00","0","0.00","0","0","99999999","0","0.00","0","00","00","0","1","05","00","00","00","00","00","00","00","00","00","00","00","00","00","00","1","5","6","0","A881","B098","0","1","1","30","35","011","1","1","1","1","0","0","0","0","0","0","1364000","90","0","0","0","20240601","99999999"
"0","R","588004810","91","0","00","医療観察訪問看護基本料３（作業療法士による場合）（同一日に２人）（週４日目以降３０分未満の場合）","48","医療観察訪問看護基本料３（作業療法士による場合）（同一日に２人）（週４日目以降３０分未満の場合）","20","ｲﾘｮｳｶﾝｻﾂﾎｳﾓﾝｶﾝｺﾞｷﾎﾝﾘ","0","0","","3","510.00","0","0.00","0","0","99999999","0","0.00","0","00","00","0","1","05","00","00","00","00","00","00","00","00","00","00","00","00","00","00","1","5","6","0","A882","B099","0","1","1","30","35","012","1","1","1","1","0","0","0","0","0","0","1365000","90","0","0","0","20240601","99999999"
"0","R","588004910","91","0","00","医療観察訪問看護基本料３（作業療法士による場合）（同一日に３人以上）（週３日目まで３０分以上の場合）","50","医療観察訪問看護基本料３（作業療法士による場合）（同一日に３人以上）（週３日目まで３０分以上の場合）","20","ｲﾘｮｳｶﾝｻﾂﾎｳﾓﾝｶﾝｺﾞｷﾎﾝﾘ","0","0","","3","278.00","0","0.00","0","0","99999999","0","0.00","0","00","00","0","1","05","00","00","00","00","00","00","00","00","00","00","00","00","00","00","1","5","6","0","A881","B100","0","1","1","30","35","013","1","1","1","1","0","0","0","0","0","0","1366000","00","0","0","0","20240601","99999999"
"0","R","588005010","91","0","00","医療観察訪問看護基本料３（作業療法士による場合）（同一日に３人以上）（週３日目まで３０分未満の場合）","50","医療観察訪問看護基本料３（作業療法士による場合）（同一日に３人以上）（週３日目まで３０分未満の場合）","20","ｲﾘｮｳｶﾝｻﾂﾎｳﾓﾝｶﾝｺﾞｷﾎﾝﾘ","0","0","","3","213.00","0","0.00","0","0","99999999","0","0.00","0","00","00","0","1","05","00","00","00","00","00","00","00","00","00","00","00","00","00","00","1","5","6","0","A882","B101","0","1","1","30","35","014","1","1","1","1","0","0","0","0","0","0","1367000","00","0","0","0","20240601","99999999"
"0","R","588005110","91","0","00","医療観察訪問看護基本料３（作業療法士による場合）（同一日に３人以上）（週４日目以降３０分以上の場合）","50","医療観察訪問看護基本料３（作業療法士による場合）（同一日に３人以上）（週４日目以降３０分以上の場合）","20","ｲﾘｮｳｶﾝｻﾂﾎｳﾓﾝｶﾝｺﾞｷﾎﾝﾘ","0","0","","3","328.00","0","0.00","0","0","99999999","0","0.00","0","00","00","0","1","05","00","00","00","00","00","00","00","00","00","00","00","00","00","00","1","5","6","0","A881","B102","0","1","1","30","35","015","1","1","1","1","0","0","0","0","0","0","1368000","90","0","0","0","20240601","99999999"
"0","R","588005270","91","0","00","医療観察訪問看護基本料３（作業療法士による場合）（同一日に３人以上）（週４日目以降３０分未満の場合）","50","医療観察訪問看護基本料３（作業療法士による場合）（同一日に３人以上）（週４日目以降３０分未満の場合）","20","ｲﾘｮｳｶﾝｻﾂﾎｳﾓﾝｶﾝｺﾞｷﾎﾝﾘ","0","0","","3","255.00","0","0.00","0","0","99999999","0","0.00","0","00","00","0","1","05","00","00","00","00","00","00","00","00","00","00","00","00","00","00","1","5","6","0","A882","B103","0","1","1","30","35","016","1","1","1","1","0","0","0","0","0","0","1369000","90","0","0","0","20240601","99999999"
"0","R","588001370","91","0","00","医療観察複数名訪問看護加算（看護師等が他の看護師等と同時に医療観察訪問看護を行った場合）（１日に１回の場合）（同一建物内１人又は２人）（医療観察訪問看護基本料）","47","医療観察複数名訪問看護加算（他の看護師等と同時）（１日に１回の場合）（同一建物内１人又は２人）","20","ｲﾘｮｳｶﾝｻﾂﾌｸｽｳﾒｲﾎｳﾓﾝｶﾝ","0","0","","3","450.00","0","0.00","0","0","99999999","0","0.00","0","00","00","0","1","37","00","00","00","00","00","00","00","00","00","00","00","00","00","00","0","0","0","0","0000","0000","1","1","0","30","39","015","0","0","0","0","0","1","0","0","0","0","1370000","00","0","0","0","20240601","99999999"
"0","R","588001470","91","0","00","医療観察複数名訪問看護加算（看護師等が他の看護師等と同時に医療観察訪問看護を行った場合）（１日に１回の場合）（同一建物内３人以上）（医療観察訪問看護基本料）","45","医療観察複数名訪問看護加算（他の看護師等と同時）（１日に１回の場合）（同一建物内３人以上）","20","ｲﾘｮｳｶﾝｻﾂﾌｸｽｳﾒｲﾎｳﾓﾝｶﾝ","0","0","","3","400.00","0","0.00","0","0","99999999","0","0.00","0","00","00","0","1","37","00","00","00","00","00","00","00","00","00","00","00","00","00","00","0","0","0","0","0000","0000","1","1","0","30","39","016","0","0","0","0","0","1","0","0","0","0","1380000","00","0","0","0","20240601","99999999"
"0","R","588001570","91","0","00","医療観察複数名訪問看護加算（看護師等が他の看護師等と同時に医療観察訪問看護を行った場合）（１日に２回の場合）（同一建物内１人又は２人）（医療観察訪問看護基本料）","47","医療観察複数名訪問看護加算（他の看護師等と同時）（１日に２回の場合）（同一建物内１人又は２人）","20","ｲﾘｮｳｶﾝｻﾂﾌｸｽｳﾒｲﾎｳﾓﾝｶﾝ","0","0","","3","900.00","0","0.00","0","0","99999999","0","0.00","0","00","00","0","1","37","00","00","00","00","00","00","00","00","00","00","00","00","00","00","2","0","0","0","0000","0000","1","1","0","30","39","017","0","0","0","0","0","1","0","0","0","0","1390000","00","0","0","0","20240601","99999999"
"0","R","588001670","91","0","00","医療観察複数名訪問看護加算（看護師等が他の看護師等と同時に医療観察訪問看護を行った場合）（１日に２回の場合）（同一建物内３人以上）（医療観察訪問看護基本料）","45","医療観察複数名訪問看護加算（他の看護師等と同時）（１日に２回の場合）（同一建物内３人以上）","20","ｲﾘｮｳｶﾝｻﾂﾌｸｽｳﾒｲﾎｳﾓﾝｶﾝ","0","0","","3","810.00","0","0.00","0","0","99999999","0","0.00","0","00","00","0","1","37","00","00","00","00","00","00","00","00","00","00","00","00","00","00","2","0","0","0","0000","0000","1","1","0","30","39","018","0","0","0","0","0","1","0","0","0","0","1400000","00","0","0","0","20240601","99999999"
"0","R","588001770","91","0","00","医療観察複数名訪問看護加算（看護師等が他の看護師等と同時に医療観察訪問看護を行った場合）（１日に３回以上の場合）（同一建物内１人又は２人）（医療観察訪問看護基本料）","49","医療観察複数名訪問看護加算（他の看護師等と同時）（１日に３回以上の場合）（同一建物内１人又は２人）","20","ｲﾘｮｳｶﾝｻﾂﾌｸｽｳﾒｲﾎｳﾓﾝｶﾝ","0","0","","3","1450.00","0","0.00","0","0","99999999","0","0.00","0","00","00","0","1","37","00","00","00","00","00","00","00","00","00","00","00","00","00","00","3","0","0","0","0000","0000","1","1","0","30","39","019","0","0","0","0","0","1","0","0","0","0","1410000","00","0","0","0","20240601","99999999"
"0","R","588001870","91","0","00","医療観察複数名訪問看護加算（看護師等が他の看護師等と同時に医療観察訪問看護を行った場合）（１日に３回以上の場合）（同一建物内３人以上）（医療観察訪問看護基本料）","47","医療観察複数名訪問看護加算（他の看護師等と同時）（１日に３回以上の場合）（同一建物内３人以上）","20","ｲﾘｮｳｶﾝｻﾂﾌｸｽｳﾒｲﾎｳﾓﾝｶﾝ","0","0","","3","1300.00","0","0.00","0","0","99999999","0","0.00","0","00","00","0","1","37","00","00","00","00","00","00","00","00","00","00","00","00","00","00","3","0","0","0","0000","0000","1","1","0","30","39","020","0","0","0","0","0","1","0","0","0","0","1420000","00","0","0","0","20240601","99999999"
"0","R","588001970","91","0","00","医療観察複数名訪問看護加算（看護師等が准看護師と同時に医療観察訪問看護を行った場合）（１日に１回の場合）（同一建物内１人又は２人）（医療観察訪問看護基本料）","45","医療観察複数名訪問看護加算（准看護師と同時）（１日に１回の場合）（同一建物内１人又は２人）","20","ｲﾘｮｳｶﾝｻﾂﾌｸｽｳﾒｲﾎｳﾓﾝｶﾝ","0","0","","3","380.00","0","0.00","0","0","99999999","0","0.00","0","00","00","0","1","38","00","00","00","00","00","00","00","00","00","00","00","00","00","00","0","0","0","0","0000","0000","1","1","0","30","39","021","0","0","0","0","0","1","0","0","0","0","1430000","00","0","0","0","20240601","99999999"
"0","R","588002070","91","0","00","医療観察複数名訪問看護加算（看護師等が准看護師と同時に医療観察訪問看護を行った場合）（１日に１回の場合）（同一建物内３人以上）（医療観察訪問看護基本料）","43","医療観察複数名訪問看護加算（准看護師と同時）（１日に１回の場合）（同一建物内３人以上）","20","ｲﾘｮｳｶﾝｻﾂﾌｸｽｳﾒｲﾎｳﾓﾝｶﾝ","0","0","","3","340.00","0","0.00","0","0","99999999","0","0.00","0","00","00","0","1","38","00","00","00","00","00","00","00","00","00","00","00","00","00","00","0","0","0","0","0000","0000","1","1","0","30","39","022","0","0","0","0","0","1","0","0","0","0","1440000","00","0","0","0","20240601","99999999"
"0","R","588002170","91","0","00","医療観察複数名訪問看護加算（看護師等が准看護師と同時に医療観察訪問看護を行った場合）（１日に２回の場合）（同一建物内１人又は２人）（医療観察訪問看護基本料）","45","医療観察複数名訪問看護加算（准看護師と同時）（１日に２回の場合）（同一建物内１人又は２人）","20","ｲﾘｮｳｶﾝｻﾂﾌｸｽｳﾒｲﾎｳﾓﾝｶﾝ","0","0","","3","760.00","0","0.00","0","0","99999999","0","0.00","0","00","00","0","1","38","00","00","00","00","00","00","00","00","00","00","00","00","00","00","2","0","0","0","0000","0000","1","1","0","30","39","023","0","0","0","0","0","1","0","0","0","0","1450000","00","0","0","0","20240601","99999999"
"0","R","588002270","91","0","00","医療観察複数名訪問看護加算（看護師等が准看護師と同時に医療観察訪問看護を行った場合）（１日に２回の場合）（同一建物内３人以上）（医療観察訪問看護基本料）","43","医療観察複数名訪問看護加算（准看護師と同時）（１日に２回の場合）（同一建物内３人以上）","20","ｲﾘｮｳｶﾝｻﾂﾌｸｽｳﾒｲﾎｳﾓﾝｶﾝ","0","0","","3","680.00","0","0.00","0","0","99999999","0","0.00","0","00","00","0","1","38","00","00","00","00","00","00","00","00","00","00","00","00","00","00","2","0","0","0","0000","0000","1","1","0","30","39","024","0","0","0","0","0","1","0","0","0","0","1460000","00","0","0","0","20240601","99999999"
"0","R","588002370","91","0","00","医療観察複数名訪問看護加算（看護師等が准看護師と同時に医療観察訪問看護を行った場合）（１日に３回以上の場合）（同一建物内１人又は２人）（医療観察訪問看護基本料）","47","医療観察複数名訪問看護加算（准看護師と同時）（１日に３回以上の場合）（同一建物内１人又は２人）","20","ｲﾘｮｳｶﾝｻﾂﾌｸｽｳﾒｲﾎｳﾓﾝｶﾝ","0","0","","3","1240.00","0","0.00","0","0","99999999","0","0.00","0","00","00","0","1","38","00","00","00","00","00","00","00","00","00","00","00","00","00","00","3","0","0","0","0000","0000","1","1","0","30","39","025","0","0","0","0","0","1","0","0","0","0","1470000","00","0","0","0","20240601","99999999"
"0","R","588002470","91","0","00","医療観察複数名訪問看護加算（看護師等が准看護師と同時に医療観察訪問看護を行った場合）（１日に３回以上の場合）（同一建物内３人以上）（医療観察訪問看護基本料）","45","医療観察複数名訪問看護加算（准看護師と同時）（１日に３回以上の場合）（同一建物内３人以上）","20","ｲﾘｮｳｶﾝｻﾂﾌｸｽｳﾒｲﾎｳﾓﾝｶﾝ","0","0","","3","1120.00","0","0.00","0","0","99999999","0","0.00","0","00","00","0","1","38","00","00","00","00","00","00","00","00","00","00","00","00","00","00","3","0","0","0","0000","0000","1","1","0","30","39","026","0","0","0","0","0","1","0","0","0","0","1480000","00","0","0","0","20240601","99999999"
"0","R","588002570","91","0","00","医療観察複数名訪問看護加算（看護師等が看護補助者又は精神保健福祉士と同時に医療観察訪問看護を行った場合）（同一建物内１人又は２人）（医療観察訪問看護基本料）","45","医療観察複数名訪問看護加算（看護補助者又は精神保健福祉士と同時）（同一建物内１人又は２人）","20","ｲﾘｮｳｶﾝｻﾂﾌｸｽｳﾒｲﾎｳﾓﾝｶﾝ","0","0","","3","300.00","0","0.00","0","0","99999999","0","0.00","0","00","00","0","1","39","00","00","00","00","00","00","00","00","00","00","00","00","00","00","0","0","0","0","0000","0000","1","1","0","30","39","027","0","0","0","0","0","1","0","0","0","0","1490000","00","0","0","0","20240601","99999999"
"0","R","588002670","91","0","00","医療観察複数名訪問看護加算（看護師等が看護補助者又は精神保健福祉士と同時に医療観察訪問看護を行った場合）（同一建物内３人以上）（医療観察訪問看護基本料）","43","医療観察複数名訪問看護加算（看護補助者又は精神保健福祉士と同時）（同一建物内３人以上）","20","ｲﾘｮｳｶﾝｻﾂﾌｸｽｳﾒｲﾎｳﾓﾝｶﾝ","0","0","","3","270.00","0","0.00","0","0","99999999","0","0.00","0","00","00","0","1","39","00","00","00","00","00","00","00","00","00","00","00","00","00","00","0","0","0","0","0000","0000","1","1","0","30","39","028","0","0","0","0","0","1","0","0","0","0","1500000","00","0","0","0","20240601","99999999"
"0","R","588002770","91","0","00","医療観察特別地域訪問看護加算（医療観察訪問看護基本料）","14","医療観察特別地域訪問看護加算","20","ｲﾘｮｳｶﾝｻﾂﾄｸﾍﾞﾂﾁｲｷﾎｳﾓﾝ","0","0","","5","50.00","0","0.00","0","0","99999999","0","0.00","0","00","00","0","1","00","00","00","00","00","00","00","00","00","00","00","00","00","00","00","0","0","0","0","0000","0000","1","1","0","30","31","010","0","0","0","0","0","0","0","0","0","0","1510000","00","0","0","0","20240601","99999999"
"0","R","588002870","91","0","00","医療観察精神科緊急訪問看護加算（医療観察訪問看護基本料）","15","医療観察精神科緊急訪問看護加算","20","ｲﾘｮｳｶﾝｻﾂｾｲｼﾝｶｷﾝｷｭｳﾎｳ","0","0","","3","265.00","0","0.00","0","0","99999999","0","0.00","0","00","00","0","1","00","00","00","00","00","00","00","00","00","00","00","00","00","00","00","0","0","0","1","0000","0000","1","1","0","30","37","003","0","0","0","0","0","0","0","0","1","0","1520000","91","0","0","0","20240601","99999999"
"0","R","588002970","91","0","00","医療観察長時間訪問看護加算（医療観察訪問看護基本料）","13","医療観察長時間訪問看護加算","20","ｲﾘｮｳｶﾝｻﾂﾁｮｳｼﾞｶﾝﾎｳﾓﾝｶ","0","0","","3","520.00","0","0.00","0","0","99999999","0","0.00","0","00","00","0","1","00","00","00","00","00","00","00","00","00","00","00","00","00","00","00","0","0","0","0","0000","0000","1","1","0","30","38","003","0","0","0","0","1","0","0","0","0","0","1530000","92","0","0","0","20240601","99999999"
"0","R","588003070","91","0","00","医療観察夜間・早朝訪問看護加算（医療観察訪問看護基本料）","15","医療観察夜間・早朝訪問看護加算","20","ｲﾘｮｳｶﾝｻﾂﾔｶﾝ･ｿｳﾁｮｳﾎｳﾓ","0","0","","3","210.00","0","0.00","0","0","99999999","0","0.00","0","00","00","0","1","00","00","00","00","00","00","00","00","00","00","00","00","00","00","00","0","0","0","0","0000","0000","1","1","0","30","40","002","0","0","0","0","0","0","0","0","0","0","1540000","00","0","0","0","20240601","99999999"
"0","R","588003170","91","0","00","医療観察深夜訪問看護加算（医療観察訪問看護基本料）","12","医療観察深夜訪問看護加算","20","ｲﾘｮｳｶﾝｻﾂｼﾝﾔﾎｳﾓﾝｶﾝｺﾞｶ","0","0","","3","420.00","0","0.00","0","0","99999999","0","0.00","0","00","00","0","1","00","00","00","00","00","00","00","00","00","00","00","00","00","00","00","0","0","0","0","0000","0000","1","1","0","30","41","002","0","0","0","0","0","0","0","0","0","0","1550000","00","0","0","0","20240601","99999999"
"0","R","588003210","92","0","00","医療観察訪問看護管理料（月の初日の訪問の場合）","23","医療観察訪問看護管理料（月の初日の訪問の場合）","20","ｲﾘｮｳｶﾝｻﾂﾎｳﾓﾝｶﾝｺﾞｶﾝﾘﾘ","0","0","","3","767.00","3","744.00","0","0","99999999","0","0.00","0","00","00","0","1","00","00","00","00","00","00","00","00","00","00","00","00","00","00","00","0","0","0","0","A883","0000","0","1","0","50","51","006","0","0","0","0","0","0","0","0","0","0","1560000","00","0","0","0","20240601","99999999"
"0","R","588003310","92","0","00","医療観察訪問看護管理料（月の２日目以降の訪問の場合）（１日につき）","33","医療観察訪問看護管理料（月の２日目以降の訪問の場合）（１日につき）","20","ｲﾘｮｳｶﾝｻﾂﾎｳﾓﾝｶﾝｺﾞｶﾝﾘﾘ","0","0","","3","300.00","0","0.00","0","0","99999999","0","0.00","0","00","00","0","1","00","00","00","00","00","00","00","00","00","00","00","00","00","00","00","0","0","0","0","A883","0000","0","1","0","50","51","007","0","0","0","0","0","0","0","0","0","0","1570000","00","0","0","0","20240601","99999999"
"0","R","588004010","92","0","00","医療観察２４時間対応体制加算（看護業務の負担軽減の取組を行っている場合）（医療観察訪問看護管理料）","36","医療観察２４時間対応体制加算（看護業務の負担軽減の取組を行っている場合）","20","ｲﾘｮｳｶﾝｻﾂ24ｼﾞｶﾝﾀｲｵｳﾀｲ","0","0","","3","680.00","0","0.00","0","0","99999999","0","0.00","0","00","00","0","1","00","00","00","00","00","00","00","00","00","00","00","00","00","00","00","0","0","0","0","0000","B104","1","1","0","50","52","003","0","0","0","0","0","0","0","0","0","0","1580000","00","0","0","0","20240601","99999999"
"0","R","588003470","92","0","00","医療観察２４時間対応体制加算（イ以外の場合）（医療観察訪問看護管理料）","22","医療観察２４時間対応体制加算（イ以外の場合）","20","ｲﾘｮｳｶﾝｻﾂ24ｼﾞｶﾝﾀｲｵｳﾀｲ","0","0","","3","652.00","3","640.00","0","0","99999999","0","0.00","0","00","00","0","1","00","00","00","00","00","00","00","00","00","00","00","00","00","00","00","0","0","0","0","0000","B051","1","1","0","50","52","004","0","0","0","0","0","0","0","0","0","0","1590000","00","0","0","0","20240601","99999999"
"0","R","588003570","92","0","00","医療観察退院時共同指導加算（医療観察訪問看護管理料）","13","医療観察退院時共同指導加算","20","ｲﾘｮｳｶﾝｻﾂﾀｲｲﾝｼﾞｷｮｳﾄﾞｳ","0","0","","3","800.00","0","0.00","0","0","99999999","0","0.00","0","00","00","0","1","00","00","00","00","00","00","00","00","00","00","00","00","00","00","00","0","0","0","0","0000","0000","1","1","0","50","54","003","0","0","0","0","0","0","0","0","0","0","1600000","00","0","0","0","20240601","99999999"
"0","R","588003670","92","0","00","医療観察在宅患者連携指導加算（医療観察訪問看護管理料）","14","医療観察在宅患者連携指導加算","20","ｲﾘｮｳｶﾝｻﾂｻﾞｲﾀｸｶﾝｼﾞｬﾚﾝ","0","0","","3","300.00","0","0.00","0","0","99999999","0","0.00","0","00","00","0","1","00","00","00","00","00","00","00","00","00","00","00","00","00","00","00","0","0","0","0","0000","0000","1","1","1","50","56","002","0","0","0","0","0","0","0","0","0","0","1610000","00","0","0","0","20240601","99999999"
"0","R","588003770","92","0","00","医療観察在宅患者緊急時等カンファレンス加算（医療観察訪問看護管理料）","21","医療観察在宅患者緊急時等カンファレンス加算","20","ｲﾘｮｳｶﾝｻﾂｻﾞｲﾀｸｶﾝｼﾞｬｷﾝ","0","0","","3","200.00","0","0.00","0","0","99999999","0","0.00","0","00","00","0","1","00","00","00","00","00","00","00","00","00","00","00","00","00","00","00","0","0","0","0","0000","0000","1","1","0","50","57","002","0","0","0","0","0","0","0","0","0","0","1620000","00","0","0","0","20240601","99999999"
"0","R","588003810","93","0","00","医療観察訪問看護情報提供料１","14","医療観察訪問看護情報提供料１","20","ｲﾘｮｳｶﾝｻﾂﾎｳﾓﾝｶﾝｺﾞｼﾞｮｳ","0","0","","3","200.00","0","0.00","0","0","99999999","0","0.00","0","00","00","0","1","00","00","00","00","00","00","00","00","00","00","00","00","00","00","00","0","0","0","0","0000","0000","0","0","1","70","70","004","0","0","0","0","0","0","0","0","0","0","1630000","93","0","0","0","20240601","99999999"
"0","R","588003910","93","0","00","医療観察訪問看護情報提供料２","14","医療観察訪問看護情報提供料２","20","ｲﾘｮｳｶﾝｻﾂﾎｳﾓﾝｶﾝｺﾞｼﾞｮｳ","0","0","","3","150.00","0","0.00","0","0","99999999","0","0.00","0","00","00","0","1","00","00","00","00","00","00","00","00","00","00","00","00","00","00","00","0","0","0","0","0000","0000","0","1","1","70","70","005","0","0","0","0","0","0","0","0","0","0","1640000","93","0","0","0","20240601","99999999"
"0","R","590000110","06","0","01","訪問看護ベースアップ評価料（１）","16","訪問看護ベースアップ評価料（１）","20","ﾎｳﾓﾝｶﾝｺﾞﾍﾞｰｽｱｯﾌﾟﾋｮｳｶ","0","0","","1","780.00","0","0.00","0","0","99999999","0","0.00","0","00","00","0","0","00","00","00","00","00","00","00","00","00","00","00","00","00","00","00","0","0","0","0","0000","B061","0","1","0","90","91","001","0","0","0","0","0","0","0","0","0","0","1650000","23","0","0","0","20240601","99999999"
"0","R","590000210","06","0","02","訪問看護ベースアップ評価料（２）１","17","訪問看護ベースアップ評価料（２）１","20","ﾎｳﾓﾝｶﾝｺﾞﾍﾞｰｽｱｯﾌﾟﾋｮｳｶ","0","0","","1","10.00","0","0.00","0","0","99999999","0","0.00","0","00","00","0","0","00","00","00","00","00","00","00","00","00","00","00","00","00","00","00","0","0","0","0","0000","B062","0","1","1","90","92","001","0","0","0","0","0","0","0","0","0","0","1660000","24","0","0","0","20240601","99999999"
"0","R","590000310","06","0","02","訪問看護ベースアップ評価料（２）２","17","訪問看護ベースアップ評価料（２）２","20","ﾎｳﾓﾝｶﾝｺﾞﾍﾞｰｽｱｯﾌﾟﾋｮｳｶ","0","0","","1","20.00","0","0.00","0","0","99999999","0","0.00","0","00","00","0","0","00","00","00","00","00","00","00","00","00","00","00","00","00","00","00","0","0","0","0","0000","B063","0","1","1","90","92","002","0","0","0","0","0","0","0","0","0","0","1670000","24","0","0","0","20240601","99999999"
"0","R","590000410","06","0","02","訪問看護ベースアップ評価料（２）３","17","訪問看護ベースアップ評価料（２）３","20","ﾎｳﾓﾝｶﾝｺﾞﾍﾞｰｽｱｯﾌﾟﾋｮｳｶ","0","0","","1","30.00","0","0.00","0","0","99999999","0","0.00","0","00","00","0","0","00","00","00","00","00","00","00","00","00","00","00","00","00","00","00","0","0","0","0","0000","B064","0","1","1","90","92","003","0","0","0","0","0","0","0","0","0","0","1680000","24","0","0","0","20240601","99999999"
"0","R","590000510","06","0","02","訪問看護ベースアップ評価料（２）４","17","訪問看護ベースアップ評価料（２）４","20","ﾎｳﾓﾝｶﾝｺﾞﾍﾞｰｽｱｯﾌﾟﾋｮｳｶ","0","0","","1","40.00","0","0.00","0","0","99999999","0","0.00","0","00","00","0","0","00","00","00","00","00","00","00","00","00","00","00","00","00","00","00","0","0","0","0","0000","B065","0","1","1","90","92","004","0","0","0","0","0","0","0","0","0","0","1690000","24","0","0","0","20240601","99999999"
"0","R","590000610","06","0","02","訪問看護ベースアップ評価料（２）５","17","訪問看護ベースアップ評価料（２）５","20","ﾎｳﾓﾝｶﾝｺﾞﾍﾞｰｽｱｯﾌﾟﾋｮｳｶ","0","0","","1","50.00","0","0.00","0","0","99999999","0","0.00","0","00","00","0","0","00","00","00","00","00","00","00","00","00","00","00","00","00","00","00","0","0","0","0","0000","B066","0","1","1","90","92","005","0","0","0","0","0","0","0","0","0","0","1700000","24","0","0","0","20240601","99999999"
"0","R","590000710","06","0","02","訪問看護ベースアップ評価料（２）６","17","訪問看護ベースアップ評価料（２）６","20","ﾎｳﾓﾝｶﾝｺﾞﾍﾞｰｽｱｯﾌﾟﾋｮｳｶ","0","0","","1","60.00","0","0.00","0","0","99999999","0","0.00","0","00","00","0","0","00","00","00","00","00","00","00","00","00","00","00","00","00","00","00","0","0","0","0","0000","B067","0","1","1","90","92","006","0","0","0","0","0","0","0","0","0","0","1710000","24","0","0","0","20240601","99999999"
"0","R","590000810","06","0","02","訪問看護ベースアップ評価料（２）７","17","訪問看護ベースアップ評価料（２）７","20","ﾎｳﾓﾝｶﾝｺﾞﾍﾞｰｽｱｯﾌﾟﾋｮｳｶ","0","0","","1","70.00","0","0.00","0","0","99999999","0","0.00","0","00","00","0","0","00","00","00","00","00","00","00","00","00","00","00","00","00","00","00","0","0","0","0","0000","B068","0","1","1","90","92","007","0","0","0","0","0","0","0","0","0","0","1720000","24","0","0","0","20240601","99999999"
"0","R","590000910","06","0","02","訪問看護ベースアップ評価料（２）８","17","訪問看護ベースアップ評価料（２）８","20","ﾎｳﾓﾝｶﾝｺﾞﾍﾞｰｽｱｯﾌﾟﾋｮｳｶ","0","0","","1","80.00","0","0.00","0","0","99999999","0","0.00","0","00","00","0","0","00","00","00","00","00","00","00","00","00","00","00","00","00","00","00","0","0","0","0","0000","B069","0","1","1","90","92","008","0","0","0","0","0","0","0","0","0","0","1730000","24","0","0","0","20240601","99999999"
"0","R","590001010","06","0","02","訪問看護ベースアップ評価料（２）９","17","訪問看護ベースアップ評価料（２）９","20","ﾎｳﾓﾝｶﾝｺﾞﾍﾞｰｽｱｯﾌﾟﾋｮｳｶ","0","0","","1","90.00","0","0.00","0","0","99999999","0","0.00","0","00","00","0","0","00","00","00","00","00","00","00","00","00","00","00","00","00","00","00","0","0","0","0","0000","B070","0","1","1","90","92","009","0","0","0","0","0","0","0","0","0","0","1740000","24","0","0","0","20240601","99999999"
"0","R","590001110","06","0","02","訪問看護ベースアップ評価料（２）１０","18","訪問看護ベースアップ評価料（２）１０","20","ﾎｳﾓﾝｶﾝｺﾞﾍﾞｰｽｱｯﾌﾟﾋｮｳｶ","0","0","","1","100.00","0","0.00","0","0","99999999","0","0.00","0","00","00","0","0","00","00","00","00","00","00","00","00","00","00","00","00","00","00","00","0","0","0","0","0000","B071","0","1","1","90","92","010","0","0","0","0","0","0","0","0","0","0","1750000","24","0","0","0","20240601","99999999"
"0","R","590001210","06","0","02","訪問看護ベースアップ評価料（２）１１","18","訪問看護ベースアップ評価料（２）１１","20","ﾎｳﾓﾝｶﾝｺﾞﾍﾞｰｽｱｯﾌﾟﾋｮｳｶ","0","0","","1","150.00","0","0.00","0","0","99999999","0","0.00","0","00","00","0","0","00","00","00","00","00","00","00","00","00","00","00","00","00","00","00","0","0","0","0","0000","B072","0","1","1","90","92","011","0","0","0","0","0","0","0","0","0","0","1760000","24","0","0","0","20240601","99999999"
"0","R","590001310","06","0","02","訪問看護ベースアップ評価料（２）１２","18","訪問看護ベースアップ評価料（２）１２","20","ﾎｳﾓﾝｶﾝｺﾞﾍﾞｰｽｱｯﾌﾟﾋｮｳｶ","0","0","","1","200.00","0","0.00","0","0","99999999","0","0.00","0","00","00","0","0","00","00","00","00","00","00","00","00","00","00","00","00","00","00","00","0","0","0","0","0000","B073","0","1","1","90","92","012","0","0","0","0","0","0","0","0","0","0","1770000","24","0","0","0","20240601","99999999"
"0","R","590001410","06","0","02","訪問看護ベースアップ評価料（２）１３","18","訪問看護ベースアップ評価料（２）１３","20","ﾎｳﾓﾝｶﾝｺﾞﾍﾞｰｽｱｯﾌﾟﾋｮｳｶ","0","0","","1","250.00","0","0.00","0","0","99999999","0","0.00","0","00","00","0","0","00","00","00","00","00","00","00","00","00","00","00","00","00","00","00","0","0","0","0","0000","B074","0","1","1","90","92","013","0","0","0","0","0","0","0","0","0","0","1780000","24","0","0","0","20240601","99999999"
"0","R","590001510","06","0","02","訪問看護ベースアップ評価料（２）１４","18","訪問看護ベースアップ評価料（２）１４","20","ﾎｳﾓﾝｶﾝｺﾞﾍﾞｰｽｱｯﾌﾟﾋｮｳｶ","0","0","","1","300.00","0","0.00","0","0","99999999","0","0.00","0","00","00","0","0","00","00","00","00","00","00","00","00","00","00","00","00","00","00","00","0","0","0","0","0000","B075","0","1","1","90","92","014","0","0","0","0","0","0","0","0","0","0","1790000","24","0","0","0","20240601","99999999"
"0","R","590001610","06","0","02","訪問看護ベースアップ評価料（２）１５","18","訪問看護ベースアップ評価料（２）１５","20","ﾎｳﾓﾝｶﾝｺﾞﾍﾞｰｽｱｯﾌﾟﾋｮｳｶ","0","0","","1","350.00","0","0.00","0","0","99999999","0","0.00","0","00","00","0","0","00","00","00","00","00","00","00","00","00","00","00","00","00","00","00","0","0","0","0","0000","B076","0","1","1","90","92","015","0","0","0","0","0","0","0","0","0","0","1800000","24","0","0","0","20240601","99999999"
"0","R","590001710","06","0","02","訪問看護ベースアップ評価料（２）１６","18","訪問看護ベースアップ評価料（２）１６","20","ﾎｳﾓﾝｶﾝｺﾞﾍﾞｰｽｱｯﾌﾟﾋｮｳｶ","0","0","","1","400.00","0","0.00","0","0","99999999","0","0.00","0","00","00","0","0","00","00","00","00","00","00","00","00","00","00","00","00","00","00","00","0","0","0","0","0000","B077","0","1","1","90","92","016","0","0","0","0","0","0","0","0","0","0","1810000","24","0","0","0","20240601","99999999"
"0","R","590001810","06","0","02","訪問看護ベースアップ評価料（２）１７","18","訪問看護ベースアップ評価料（２）１７","20","ﾎｳﾓﾝｶﾝｺﾞﾍﾞｰｽｱｯﾌﾟﾋｮｳｶ","0","0","","1","450.00","0","0.00","0","0","99999999","0","0.00","0","00","00","0","0","00","00","00","00","00","00","00","00","00","00","00","00","00","00","00","0","0","0","0","0000","B078","0","1","1","90","92","017","0","0","0","0","0","0","0","0","0","0","1820000","24","0","0","0","20240601","99999999"
"0","R","590001910","06","0","02","訪問看護ベースアップ評価料（２）１８","18","訪問看護ベースアップ評価料（２）１８","20","ﾎｳﾓﾝｶﾝｺﾞﾍﾞｰｽｱｯﾌﾟﾋｮｳｶ","0","0","","1","500.00","0","0.00","0","0","99999999","0","0.00","0","00","00","0","0","00","00","00","00","00","00","00","00","00","00","00","00","00","00","00","0","0","0","0","0000","B079","0","1","1","90","92","018","0","0","0","0","0","0","0","0","0","0","1830000","24","0","0","0","20240601","99999999"
